-0.99742573, -1.1439186, -0.9091105, -0.57476026, -0.81713766, -0.15620944, -0.70179594, -0.63802797, -0.8738113, -1.1161888, 0.958199, 0.41261256, 0.47638056, -1.1847372, -0.571914, 0.1614308, -0.09908881, -0.89052135, -0.27110425, -0.7985485, -0.78570676, -0.19102587, -0.69739157, -0.6481081, -0.6054187, 1.1957769, 1.7904577, -1.2815094, -0.6620924, NaN, 0.31471744, 0.33926466, 1.5433, -0.117817625, -0.07512821, 1.2283503, 0.6827638, 0.17639813, -0.059385296, -0.58682954, 0.22998427, 0.2545315, -0.2518342, -0.77268445, -0.15986137, 1.6413342, 0.24054722, -0.26581845, 0.6386655, -0.17384562, 1.3304085, 1.9250895, 0.84859, 1.7530738, 0.37042916, 1.6739076, 0.5581875, 1.1920892, -1.0391622, 0.14379464, -0.4862702, -0.46172297, -0.31354758, -0.4246382, -0.30598214, -0.9859807, 0.55789936, -0.89766544, -0.34193784, -0.8056926, -0.33658057, -0.31203336, -0.8813208, -0.36779672, -0.5783295, 0.0069185793, 0.031465806, -0.5800253, 0.1445172, -0.48805243, -0.55961806, 0.1401882, -0.13367337, -0.16879728, -0.45529667, -0.55288434, 0.0625146, -0.80219865, 0.25997335, -0.8874812, 0.012108471, 0.9651367, 1.3665345, -0.27232984, -0.3140478, 2.043755, -0.21069685, -0.40015104, 1.759317, -0.5614003, 0.24428676, 0.015611887, -0.42706448, -0.12455888, 0.25576007, 0.7574647, 0.35997516, -0.4203307, -0.45545465, -0.24395053, 0.30956906, 1.1781901, 1.917217, 1.2912415, 1.7559676, 1.4971421, 0.6776154, -0.10269041, 0.36862993, -0.43275452, -0.22077966, -0.6948673, -0.63109934, -0.5818159, -0.53912646, -0.6553072, -0.7803504, 0.28068742, -0.4179815, -1.3725619, -0.3321215, -1.3048443, -0.24380627, -0.69315785, -1.1491034, -0.4872573, -0.46271008, -0.897577, -0.8482936, -0.30696926, -0.29412755, -0.26958033, -0.7044472, 0.34210607, -0.11383951, 0.11902434, 0.6422065, -0.2912953, -0.74064684, -0.6979574, 2.087705, 0.11771265, 1.1787506, 0.23076405, 0.27345347, 0.9352995, -0.037422996, 0.026344988, -0.42300656, 0.61695266, -0.41870385, -0.8927915, 0.16824634, -0.28110522, 0.26021916, 1.4903529, 0.01899524, 0.082763225, 1.1293167, 0.17473607, 1.4644939, 0.9904063, 0.55553925, 1.3527751, 1.644782, 0.31208825, 1.8325403, 0.8990384, -0.04894792, 0.49237633, -0.49994636, -0.9069192, -0.8431512, -0.6859878, -0.6432983, -0.0052641407, 0.019283079, -1.2115091, -0.40706563, -0.36437622, -0.57052314, -0.4380958, 0.5965921, -0.7565645, 0.68856496, -0.22702399, 1.4157233, -0.6781088, -0.62882537, 0.49266416, -0.8969343, -0.548747, -0.37709898, 0.64310455, -0.8245262, -0.61801213, 0.37745526, -0.52969694, -0.48041353, 0.101676, 0.43492904, 0.45947626, 0.84688437, -1.0456724, 0.6152171, 0.7784282, -0.27582464, 0.32734343, -0.27065325, 0.8508364, -0.15847051, -0.8890834, -0.07015531, -0.5602719, 0.02181752, 0.55197185, -0.17864113, -1.1936733, 0.47381026, -0.022900313, 1.3891529, 1.4137001, 1.4774681, 0.6637116, 1.0300409, 0.65385187, 1.7571993, 1.8209673, -0.5031095, 0.29473996, 
-0.4101299, -0.30627674, 0.07471486, -0.27253127, -0.15053591, -0.86207134, -0.44099456, -0.7208856, 1.1259984, -0.7875244, -0.7557537, -0.33467692, 1.0508561, 0.042727508, 0.08541692, -0.54443103, -0.25553077, -0.5089865, -0.5654443, -0.2319665, -0.5363484, -0.19457753, -0.13080955, 0.5793565, -0.3560604, 1.9724641, -0.5143424, -0.847104, 0.5239446, 0.56663406, -0.69692504, 0.64938736, NaN, -0.42714992, -0.252284, -0.4856024, 0.06765087, -0.5294637, -0.21582729, 0.61992127, -0.34370106, -0.31915385, -0.44043297, -0.47045547, 0.7618226, 0.79047567, -0.24238919, -0.1786212, 2.2498393, 2.0281756, 1.2933228, -0.5326011, 0.32422596, 0.9022154, 0.9449048, -0.47800225, -0.45345497, 0.93207824, 0.7170086, -0.4298907, -0.3871042, -0.3735448, NaN, -0.18357879, -0.18484059, -0.79541737, -0.3313582, -0.48734617, 0.6607172, -0.39537328, -0.3817643, -0.5769731, 0.14606285, -0.24416566, -0.5311102, -0.47777706, -0.45322984, -0.5652667, -0.4500565, 0.8012909, -0.39452532, -0.0403441, -0.3062101, -0.037170675, -0.21423727, 0.6695267, 0.2545619, -0.3409381, -0.5114106, 0.1905467, 2.1819599, 0.66821504, 0.07271497, 0.78126645, -0.49458018, -0.111613035, -0.0870658, -0.5726878, -0.19377038, 0.508187, -0.40922362, -0.2747984, -0.21103041, -0.27162498, 0.6500883, -0.11431765, 0.34974158, 0.63326555, 1.122061, -0.5932975, 2.0573835, 1.4226626, -0.6012513, -0.44208986, -0.6191565, 0.64283466, 0.6673819, 0.73114985, 0.34092122, -0.49541324, -0.53747445, -0.6096204, -0.424986, -0.37570256, -0.16380027, -0.8073399, -0.54106, -0.477292, 0.5389223, -0.6270519, -0.7123324, -0.80865157, -0.5031509, -0.21213472, -0.29031166, -0.7314324, -0.34428602, -0.71563697, -0.59383374, -0.5994908, -0.054837126, -0.15115626, -0.08738828, -0.27983758, -0.40636104, 0.32797578, -0.4935415, -0.06717442, -0.017891001, -0.21693432, 0.7855825, 1.0518622, 0.8738977, -0.28548262, 0.9658705, -0.20044845, -0.5385003, -0.47473237, -0.30458254, -0.3827595, -0.5420125, -0.15486622, 0.6340999, -0.16268118, 0.48434007, 1.1703305, -0.25551873, 2.2255764, 1.0661963, 3.5262127, 1.8696694, 0.2020878, 0.3867222, 1.5238028, 1.5664922, -0.20415841, -0.5422102, -0.59930867, -0.5500252, -0.26560307, 0.015354812, 0.252492, -0.42780507, 0.5781334, -0.016947187, -0.14358315, -0.33162594, 0.15732214, -0.4311645, -0.17588511, 0.468328, -0.14489484, -0.5063068, -0.6696134, 0.010845967, -0.88889295, -0.013985656, 0.04978233, -0.6449993, -0.4960149, -0.057993073, -0.033445846, -0.1822679, -0.13298449, 0.12229496, -0.21693105, -0.19238383, -0.34120584, -0.079332426, 3.1522067, 1.8831103, 0.20693734, 1.3336555, 0.9577587, 0.57526815, -0.6433557, 0.97561646, 0.61420447, -0.18687212, -0.35677275, -0.39515942, -0.7320152, 0.33092576, -0.04497077, 0.4228986, -0.34150738, 0.10821994, 0.8097578, -0.41649872, -0.37380934, 0.69558376, 1.7830812, -0.91682106, -0.22976765, -0.6122582, -0.66163707, -0.4244998, -0.36073184, -0.5240385, -0.268759, 
-0.44717753, -0.4226303, -0.48899466, -0.11438043, 0.2536398, 1.4412185, -0.8115498, -0.48751718, -0.37316757, -0.20034578, -0.60169125, -0.70727634, -0.05791294, -0.659291, -0.03100621, -0.7136552, -0.7541742, -0.3650753, -0.44592422, 0.11729448, 3.8556755E-6, -0.56104434, 0.21845144, 0.26773486, -0.27517122, -0.45398173, 0.74175644, 2.757509, -0.3163831, 0.24683554, -0.6750391, -0.064896494, 0.45433468, -0.08197741, -0.6899495, -0.26647383, -0.5672574, -0.30829093, -0.2590075, -0.4115166, 0.72128767, 0.03010714, 0.6144043, 0.7938201, 0.3810464, -0.05802881, 0.94251084, 0.030286402, 1.0555623, 0.77292097, 0.566774, 1.8926443, 0.9804199, 0.70437264, -0.22893041, -0.78144705, -0.23637053, -0.17260255, -0.123319134, 0.114568755, -0.8978841, -0.87333685, -0.8095689, -0.67351025, -0.5440456, -1.482002, -0.15582678, -1.3936868, -1.170853, -0.95461315, -1.073985, 0.25219035, 0.31595832, -0.6760607, 0.40793115, 3.1743982, 3.1989453, 1.5272094, 1.5764928, 0.57787997, -0.7109064, -0.9466847, -0.7093664, -0.66008294, -0.79094386, -1.1214738, -0.8366011, -0.5992827, -1.4177512, -0.07343386, 0.06752005, -0.86245996, 1.1103624, -0.40230772, -0.5331687, 2.2332985, 1.3900936, 1.4538616, 2.370897, -0.016119149, -0.66193223, -1.071261, -0.9207179, -0.78465927, -0.04776822, -0.8121742, -1.3082782, -1.0709598, -1.1084515, 0.23586588, 0.46359485, 1.269119, 0.9857861, -0.70043445, 1.0777589, 2.1087222, 0.39776528, 1.3292853, 1.8124447, 1.4212581, -0.19632655, -0.18045926, -0.11669127, 0.01939129, 0.14887986, -0.26832962, -0.74721736, -0.0064161047, -0.13073099, 1.1271462, -0.8149833, -0.7904361, -0.46627074, 0.8849998, -0.5478961, -0.47148412, -0.4469369, -0.38316894, 0.96810156, -0.29119608, 0.1556413, -0.167008, 0.2439565, 0.2064408, -0.0112671815, -0.1680792, -0.14353198, -0.07976399, 0.056318566, -0.07459031, -0.8883312, -0.86378396, -0.6264177, -0.75073254, 2.763922, -0.544832, -0.5202848, 0.4114745, 0.37395883, 1.3714387, -0.2293324, -0.2915843, 0.7269741, 0.25546277, 0.64534867, 0.054541007, -0.702104, -0.55153686, -0.58905256, 3.533196, -1.0129075, 0.053229317, -0.056600988, -0.09411666, 1.337359, -0.62600875, -0.38446373, 0.026500806, -0.35821146, 2.1148536, 0.54367816, 0.38111585, 0.25777438, -0.06716127, 0.7239662, 0.33377928, -0.09073631, -0.70056266, 0.09715885, -0.23437074, -0.44051766, -0.7901895, 1.1446736, 0.07129994, -0.44733912, -0.09701852, -0.2595808, 1.4881728, 0.040580116, -0.478059, 1.2187684, 0.1206585, 0.93286455, 0.60792893, -0.47203878, -0.11378765, 1.0334167, -1.1481295, -0.7246271, -0.8316252, 0.98301053, 0.25911975, -0.051331352, -0.75048596, -0.520687, 0.95229065, 0.60261893, -0.38142642, 1.0898893, -0.73851633, 0.34575397, -0.37813687, 0.24695964, -0.26508546, -0.03528653, -0.98680204, 1.2830594, -0.89848685, -0.6620939, -0.43229496, 0.109996185, 2.3798573, 0.1983114, -0.80021846, -1.2065918, 0.07927628, -0.34523928, 0.1675915, 0.029765382, -0.48887378, 
-0.7895356, -0.22918051, -0.16541252, -0.9198409, -0.3413436, -0.8378457, -0.27749038, 0.32208547, -0.432343, -0.65755767, -0.32789648, 0.50036263, 0.028322525, -0.9940099, -1.4871284, 0.015602678, 0.5759577, -0.43189025, -0.6505107, -0.3399174, -0.32707563, -0.3025284, -0.77456826, 0.07842705, -1.2184033, 0.4283264, 0.45287362, 0.7845454, 1.101733, 0.34071043, 0.40246752, 0.1591107, -0.04502536, -0.26364574, -0.7567644, 1.0138705, 0.23470582, 0.030570004, -0.4559547, -0.9490731, 1.5844182, 0.6445112, 0.17247136, -0.5819572, -0.8071717, 2.7148855, 1.6678171, 1.195777, -0.094459355, -0.31967378, 0.545795, 1.10615, 0.3662064, 0.68339366, -0.88134074, 1.425102, 0.91384137, -0.094006315, -0.31262696, -0.5378416, -0.7008348, 0.76591927, -0.13178393, -0.8036038, -0.52054673, 0.15725411, -0.29893434, 0.24556932, -1.1473541, -0.6239291, 0.61213076, -0.32479322, -0.7417608, -0.9328452, -0.64978796, -0.48657686, 0.49944162, -0.39826167, -0.8297139, -0.78702444, 0.1872885, -1.230371, 0.2756037, -0.15584841, -1.0746301, 2.487584, 1.0699246, 0.17222144, -0.25923082, -0.21654141, 0.05804732, 0.08259454, -0.33437312, -0.52545744, -0.7231358, 1.3630176, 1.3875648, -0.47160956, -0.42232612, -0.3796367, 2.46639, 0.5679951, 0.1510274, -0.2804247, -0.71847093, 1.4015366, 1.9068192, 1.0091163, -0.38380712, -0.34111774, 1.3756776, 0.91948926, 0.021786213, -0.409666, -0.84771216, 1.2384412, -0.17921826, 0.3652854, -1.0276381, 0.45725822, -0.0013864636, 0.023160763, -0.3727717, -0.3234883, -0.510649, -0.5855044, -0.5609572, -0.95688957, -0.2180556, 0.054483987, -1.0710639, -0.5868161, -0.06334775, -0.70361495, 0.028625078, -0.49771446, -0.9328676, -0.40939927, -0.1302655, -1.0069771, 0.384966, -0.28003743, -0.9058201, 0.52256465, 0.10555369, 1.6396497, -0.17460471, 0.8085642, 1.0876976, 0.44083643, -1.1444117, -0.66016394, 1.472256, -0.08741222, 0.41497755, -0.8009125, -0.3166648, -0.9424475, -0.66331387, 0.29877636, 1.639491, -0.40461373, -0.11099546, 0.39798832, -0.019022629, 0.59567267, 0.6202199, 1.1436883, 1.1929717, 1.6953615, 0.11011319, -0.78474027, 0.1984284, 0.9372624, 1.6695025, 1.143163, 0.47815955, -0.83717364, 0.13151063, -0.2855003, -0.6949137, -1.0493054, -0.6065985, -0.93625396, -0.8935645, 1.7524804, -0.8755454, -0.43283838, -0.76249397, -1.4776825, 0.96874344, 0.2354126, -0.07975834, -0.030474924, -0.3667244, -0.2035133, 0.19997284, 1.0216188, 0.69196314, -0.7811033, 0.74749434, -1.1226532, -0.67994636, -0.25172392, -0.5879735, 0.54231554, -0.5699542, 1.3885087, -0.45690283, -0.035274487, 0.8953956, 0.1620647, 0.22583269, -0.8617007, -0.061133396, 2.3757114, 1.2634419, 1.32721, 0.61861527, -0.47551218, -0.13495982, -0.1104126, 0.3322943, 0.002638802, -0.7125498, -1.4769558, -0.31559163, 1.2639323, -0.20254022, 0.02961877, 0.012941159, 1.7427138, 0.10125637, -0.22839913, 0.19322918, 0.73537946, 0.0020486414, 0.82369465, 0.3045696, -0.6000885, 
-1.0073354, -0.98278815, -0.055984832, -1.3012545, 0.46750584, -0.29690015, -0.27235293, 0.05032573, -0.15930152, -0.7207369, -1.1857946, -0.90233654, -0.579658, -0.7029817, 0.46165377, -0.84229535, -0.73144466, -0.3224625, -1.1362145, -0.40309662, -0.3039514, -0.1931007, 0.043274466, 0.26516482, -0.123663366, 0.66539437, -0.25939733, -0.28193283, 0.54408234, 0.7593789, 0.553232, -0.3715597, 0.6415472, 0.69083065, -0.561033, -1.2608573, -0.63218534, -0.827328, 0.34390152, 0.12768027, 0.95232904, -0.7491946, 0.7817336, 1.5214453, 0.52849233, 0.7997287, 0.9968829, 1.3195616, 1.196238, 0.28958845, 0.7738698, 0.28059572, 0.68957806, 0.5662543, 0.9541578, 0.5995476, 0.4514879, 0.34264874, 0.2193252, 0.1757109, -0.098915644, 0.13532382, -0.010600425, -0.8000857, 0.0813724, -0.7878796, -0.23910189, 0.13920435, -0.12605047, 0.12633094, -0.39435422, -0.055268772, -0.8302693, -0.57129383, -0.31891218, -0.3653933, -0.9699226, -0.2770781, -0.64717895, -0.6044895, 0.14227472, -0.042870056, -0.7130248, 0.17502734, 0.427409, 1.864771, 0.21178073, -0.038989764, 0.11513989, 0.47236753, -0.78224033, -0.33830866, 1.8223813, 0.08928098, -0.18256783, -0.75327945, -0.8335782, -0.350426, -0.7205268, 0.47546956, 0.7516211, 0.14709187, 0.6302441, 2.1473725, -0.0117055625, -1.0906497, 0.4017424, -0.058719844, 1.8777933, 0.7671757, -0.6971244, 0.585576, -0.08457875, 0.06955066, 0.5316243, -0.14393303, 0.71938264, 0.25892043, 0.30820382, 0.35089326, -1.1846426, 0.017980643, -0.5072893, 0.3273781, 0.17372146, 0.6855644, 0.121073745, -0.60054225, 0.33229828, 0.57133347, -1.2055814, -0.5919962, -0.72457427, -1.3625017, -0.4362554, -0.46939033, -0.24849701, -0.773767, -0.13544562, -0.2891023, 0.018258672, 0.43549773, -0.48246428, 0.2540302, -0.29231828, 0.7103897, 0.5385911, 0.20966698, 0.16077726, -0.4837444, 0.6845308, -0.1744791, 0.5765002, 0.23309149, -1.2949872, -0.15004611, 0.65988505, 0.5273073, -0.7978314, -1.34418, 0.7772392, -0.76898146, 0.8655544, 0.91483784, 1.3502194, 0.58581334, 0.61036056, 0.67412853, 1.3124499, 1.5514857, 1.1489923, -0.10270937, -0.23528743, 0.79572624, 0.053031445, -0.07827637, 0.5353087, -0.38265324, -0.92240775, -0.4870265, 0.25805253, 0.28259975, -1.0816168, -0.60393804, -0.704047, -0.04046855, -0.44431663, -0.80894417, -0.47406363, -0.14577737, 0.50486624, -0.75577235, -1.1204, 0.356868, 0.256759, 0.2771717, -1.1262656, -0.20570678, -0.87041575, -0.6849279, -0.95768297, -1.2187326, 0.27301985, -0.24889067, 0.36499268, 0.6001757, -0.3748661, -0.3110981, -0.26181468, 0.7804637, 0.5743168, 0.45606557, -0.05136014, 0.42631856, 0.46900797, -1.2241607, -0.48562106, -0.993047, -0.51536834, -1.0438726, 1.3453146, 0.79866767, 0.86243564, 0.4833238, 0.6688117, 1.903584, 1.9281312, 0.56391454, 0.613198, 1.0842832, -0.26425165, 0.33148926, 0.9664514, 0.44454068, 0.48723006, -0.20634936, 0.103794724, 0.73875636, -0.068750724, -0.026061311, 
-0.61800486, -0.59345764, -0.52968967, -0.48040622, -0.43771678, -0.7775992, -1.1775756, -0.2647604, -0.21547699, -0.17278758, -0.3789345, -1.2034346, -0.7151429, 0.1831877, 0.2258771, -0.035435356, -0.85993534, -0.37164372, -0.7468839, -0.7041945, -0.26682916, -0.24228194, -0.60303754, -0.5537541, -0.086541116, 0.42262366, 0.44717088, 0.5109389, 2.68284, 0.17838813, 0.39676479, -0.42773518, 0.0605564, 0.10983981, -0.27199435, 0.31574035, -0.08423601, -0.44499162, -0.3957082, 0.4960284, 0.45764172, 0.48218894, -0.30309027, 0.59524035, 0.6379298, 1.9961418, 1.5961654, -0.03816101, 0.435646, 0.902859, 0.6967121, 0.2967357, 1.2095509, 1.6833578, 1.3015237, -0.6578831, -0.20881233, -0.5695679, -0.52028453, -0.4775951, 0.034672797, -0.76262754, -0.42491037, 0.17227142, -0.05898831, -0.2754959, -0.25094867, -0.7350791, -0.9597449, -0.09520785, -0.027405627, -1.0986552, -0.760938, -0.4377054, -0.12106673, 1.6858394, -0.755156, 2.8699512, -0.36815542, 0.7703307, -0.31262425, -0.8359754, -0.22430903, -0.17502561, -0.8993939, -0.07489461, -0.87219495, 0.835268, 1.1585009, -0.71645415, -0.100753516, -0.35015544, 0.80940914, 0.036845103, -0.19441462, 0.24274564, 0.541242, 1.1529083, 0.92824256, -0.12486473, -0.43720055, -0.13870418, -0.074936196, -0.2996019, 0.29098588, 0.6223765, -0.44887286, -0.3851049, -0.6097707, 0.5287154, -0.22532983, -0.47473174, 0.13693452, 1.0080656, -0.31899095, 0.6660676, 0.41666567, 0.48043364, -0.5660796, 2.4900506, -0.6640422, -0.29690188, -0.23313388, -0.52644354, -0.14116105, -0.56297386, -0.19583344, 0.5531207, 0.25981116, 0.6450935, -1.6166123, 0.46349382, -0.50051755, -0.10864092, 0.6192346, -0.24533358, 0.80699295, -0.49961162, -0.107734956, 0.62014085, -0.394797, 0.65752983, 0.3787046, 0.42798802, 0.47067744, -1.6641011, -0.6117745, 0.822366, 1.2142427, -0.45603374, -1.3473669, -0.46633682, 0.11132096, -0.1819888, -0.1392994, 0.70909786, -0.9793205, 0.45482013, 0.16151035, 0.20419976, -0.5193733, 0.1903603, 0.25412828, 0.98859787, 0.3461011, -1.7886775, -1.7641302, 0.35519648, 0.061886966, 1.474949, -1.8145365, 0.95075595, 1.3571172, 1.0638074, 0.07871747, -1.1284441, 0.26647586, 1.01543, 1.0647134, 1.7925892, -0.5448367, -0.5202895, 0.38409021, -0.40723807, -0.36454865, -0.7086488, 0.9971218, 0.22027811, -0.99135596, -0.5283608, 0.9467157, 0.97126293, -0.6461925, -0.1766032, -0.9745255, 0.029297322, 0.8944561, -0.3026933, -0.2534099, 0.20958537, -0.61818457, -0.17333151, 0.73104817, -0.06028011, 0.40271515, 0.058615025, 0.08316225, -0.6936815, 2.7180483, -0.1814028, 0.663215, -0.3630025, 0.96168303, -0.6702569, -0.20726168, -0.4643564, -0.019503336, -0.7963471, -0.9572166, 0.55654335, -0.32245505, -0.29790783, 0.60647184, -0.18485643, 0.27813882, 0.35434443, 0.37889165, -0.8182578, -0.34866852, -0.30597913, 0.7487915, -0.067272976, 0.8371067, 0.045778424, 0.08846784, 0.25167894, 0.27622622, 0.76029986, -0.03102826, 0.43196702, 
-0.7549457, -0.7058678, -0.7647526, -0.4946943, -0.5746576, 0.25542155, -0.21064198, -0.6374849, 0.883631, -1.0361228, -0.015742786, -0.48180634, -0.41803837, -0.85936576, -0.08076004, -0.1628544, -0.38361257, -0.81045544, -0.5158666, -0.47317713, -0.21503004, 0.054822613, 0.11859059, -0.32273677, -0.5253527, 0.6726845, 0.20662087, 0.27038887, 0.8102831, -0.12824905, 0.15621474, 0.18076196, 1.2257516, -0.6874082, -0.3994134, -0.4815077, 0.27895573, 0.0974184, -0.098603666, -0.30121967, -0.33960634, 0.9114679, 1.9564575, 0.2886032, -0.4046237, 0.057497337, 0.32734996, 0.14581254, 0.44040138, -0.00752005, 2.7299979, 0.056185648, 0.6105645, 1.395764, 0.21192645, 0.12983216, 0.1543794, 0.7087582, 0.5127362, -0.67110133, -0.8120325, -0.50812626, -0.4443583, -0.39507484, -0.771424, -1.1167915, -0.25416708, 0.36831912, -1.2585518, -0.65714437, -0.58393216, 0.27869225, 1.1805372, -0.44633353, 0.43443304, 0.31828508, 0.0634732, -0.15211779, 0.7352428, 0.49857312, -0.32666233, -0.022755992, -0.23834711, -0.1890637, -0.42573333, -0.3520622, -0.88623303, 0.57433033, 0.064895555, -0.45113313, 1.5775924, -0.35337386, 0.82783055, -0.5196814, -0.47699204, 0.8036554, 0.8282026, 0.8919706, 0.941254, 0.70458436, -0.45123863, 0.6907449, -0.36292344, 0.24507807, -0.27095062, 1.1995159, -0.17273216, -0.6676823, -0.059680764, -0.57570946, -1.3405745, 1.4775633, -0.13482308, -0.6442577, -0.042850256, 0.67907906, 2.6591394, 0.20867608, 0.25795949, -0.25806916, -0.8085107, -0.7839635, -0.72019553, 0.016876511, -0.62822264, -0.70484006, 1.0391788, 0.07126377, -0.91113573, 0.16323659, 0.30098403, -0.018363126, -0.986278, -0.5931003, -0.89430517, -1.0749885, -0.70654684, -0.29888457, -0.9373898, 0.8247712, -0.8818586, -0.51341707, 0.5820338, 0.28742298, 0.3301124, 0.5973893, 0.6219365, 0.34181023, 0.7349879, 0.43378305, -0.46015248, 0.5960776, -0.37183726, -0.32255384, 0.40792418, 0.22724092, 0.93957675, 1.0033447, 0.36483955, 1.4392121, 0.3691423, 0.04979527, -0.23033111, 0.16284667, -0.13835828, -0.21497564, 0.49736017, 1.248917, 0.26651734, -0.37858188, 2.1664257, 0.4715013, 0.19137503, -0.10323593, -0.060546517, -0.58512396, -0.90447104, 0.19097982, -0.103631005, 0.28295267, -0.7497074, 0.46910244, -0.28139952, -0.2321161, -0.48799235, -1.225256, -0.6578621, -0.0512475, -0.81623405, -0.50212127, 0.6488483, -0.14087439, -0.61995304, 0.24360034, -0.2565569, -0.0933458, -0.34022182, 0.5378161, -0.22717044, -0.18448102, 1.1854773, -0.4185154, -0.3547474, 0.508806, 0.28007203, 0.058512744, 0.08305997, -0.39601874, -0.8895819, 0.7816473, -0.2387695, 1.685741, 0.3923924, 0.17025246, -0.3299048, 1.7332696, 0.67212355, -0.34980175, 1.3280215, -0.5292522, 0.7894777, NaN, -0.750747, 0.655653, 1.241189, -0.33748692, 0.5013302, 1.3793683, -0.47131163, 0.657071, -0.091922484, 0.20404808, -0.003607273, -1.0400171, -0.18305779, 0.25157666, -0.538146, -0.7458014, -0.42509466, 0.16044138, 
0.17527205, -0.47411132, -0.97195214, -1.0349905, -0.99230105, 0.32124555, 0.23347107, -0.26436976, -1.1698214, -0.8463275, 1.2501216, 0.15145123, -0.121746115, -0.7463932, -0.81602556, 0.35808143, 0.6072721, -0.2836948, 0.046393, -1.0902961, 0.7196939, 0.23879312, -0.7644957, -0.54672956, -0.7848445, 1.0903109, 0.77789277, 0.61701727, -0.906204, -1.2004797, 1.2329347, -0.37118372, 0.75964093, -0.70741934, -0.32776463, 1.7449164, 0.47776344, 1.4962664, -0.925529, -0.82667875, 0.31431317, 1.1812735, 0.40262836, -0.33434057, -0.34781206, 1.8081478, 1.2149253, 0.3801191, -1.3677455, -1.381217, 0.041301526, 1.6945144, -0.2635094, 1.5267614, -1.1262715, 1.8449836, 0.91479576, 1.37169, -0.8816227, -1.2320595, 2.479455, 1.2719605, 3.687808, -0.6870579, -0.58836657, 0.887303, 0.6878426, -0.70443857, -0.5431513, -1.0604807, -0.31459558, 0.43797612, -0.61829364, -1.0170255, -0.97433597, 1.6529582, 0.66947144, -0.05078692, -0.5615224, -0.46283108, 1.0620617, 1.030607, 0.53435606, 0.9756527, -0.3257032, 1.1499664, 0.054475848, -0.21776748, -0.28048787, -1.1898304, 0.67609245, 0.14062074, -0.01961888, -0.75436187, -1.1036856, 0.96358967, -0.29990658, -0.51614803, -0.46686462, -0.70418465, 0.93748534, 1.298044, -0.76625985, -0.3249632, -0.50628144, 0.577375, -0.40611178, -0.2303401, -1.021085, -1.0903993, 1.7835577, -0.8799858, -1.0962273, -0.8789382, -1.2842638, 2.855081, 0.2475398, -0.69672626, -0.8154485, -0.7167572, 0.0066771507, 0.031224377, -0.54052866, -0.5366395, -0.49395007, -0.350469, -1.0522314, -0.62530863, -0.75760263, -0.8964905, -1.0572433, 1.2370217, 0.34750825, -0.5564897, -0.9223495, -0.6683497, 1.353549, 0.6002187, -0.6669341, 0.19285369, 0.024117988, -0.40527835, 0.24861628, -0.47380432, -0.4311149, 0.7564363, -1.1255792, -0.7894452, 0.258514, -0.9698384, 0.3674226, -0.9698608, -1.0422759, 0.14186634, -0.26938772, 2.163541, 0.14534236, 0.70844823, 0.21299946, 1.0727873, 0.39887953, 0.42342675, -0.5568754, -0.41680324, 0.21601279, 0.768043, -0.2514798, 0.35702038, -0.13842839, 1.1299086, 1.6046767, -0.2319444, 0.19497849, 0.28965622, -0.93869627, 2.2659364, 0.47470963, 0.76544935, 0.9055215, 0.35808432, 0.20672756, -0.19746572, -0.7053516, -0.29878443, 1.5303235, -0.8061309, 0.004440449, -1.146556, -0.9543591, -0.4829293, -0.11742235, 0.1929518, -0.7436746, 1.3063974, -0.7946152, 0.5119037, 0.536451, 1.7435268, -0.2079784, -0.8798564, 0.5621202, -0.12790002, -0.34995908, 0.12806484, -0.5438131, -0.021997754, -0.14036411, -0.64825, -0.52750987, -1.4137579, 0.6667108, -1.4524443, 0.04045855, 0.3755689, -1.0108765, 1.0102099, 0.24873282, 1.4558088, 0.29032755, -0.024266746, 0.79482746, 0.3191775, -1.0461893, -0.2823385, -0.95421636, -0.5038578, -0.122026846, 0.22756805, 1.0628756, -0.39502656, 0.54213446, 0.13794118, 0.98773324, -0.03483436, 0.43659532, 1.3143739, 0.552897, 1.1168622, 0.3086648, 0.20844065, 
-0.5026609, -0.47811365, -0.41434568, -0.36506224, -0.32237282, -0.50853086, -0.050297655, -0.8539016, -0.9491802, -0.76192874, -0.24526578, 0.06840544, -0.73519856, -0.6859151, -0.7877876, -0.7691385, -0.021781348, -0.5362613, -0.48697788, -0.58885044, -0.2868848, -0.5514615, -0.48769358, -0.29384813, 0.18252724, 0.28549322, 0.31004044, 0.66293234, -1.022528, 0.46578127, -0.02948967, -0.5831904, -0.23029846, -0.759263, 0.4399224, 0.60313356, -0.09512924, -0.46504733, -0.12663984, -0.37307447, -0.55602306, -0.3869139, 0.25510204, 0.015261516, 1.2144468, 1.317413, 0.7637121, 1.4057282, 0.58763945, 0.6303289, 1.580678, 0.7378532, 1.6689932, 2.0074005, 1.182718, 0.18943317, 1.2259144, 1.0005584, -0.10665415, -0.4976508, -0.6826983, -0.6581511, -0.5943831, -0.5450997, -0.50241023, -0.7914014, -0.5291468, -0.9407936, 0.29702687, -0.84882075, -1.0549678, 0.8712387, 0.22188455, -0.44195426, -0.39926487, -0.949176, 1.4524454, 1.0407985, 0.13925232, -0.65003425, -0.51833874, 0.21933071, -0.5488773, -0.49959388, -0.45690444, 0.7992025, -0.60249466, -0.8952878, -0.96485806, 0.028661031, -0.17748591, 1.0355984, -0.08917071, -0.99071693, -1.185735, 0.40372062, 1.3790976, 1.4428656, 0.30361187, 0.10859385, 0.07020716, -0.3806604, 0.15852238, 0.32665944, 0.4882027, 1.3877486, 1.1745884, 0.2875266, -0.1386047, -0.4524765, 1.3618896, 0.43560725, 1.4502048, -0.40217102, 0.11593318, 1.4676814, 1.2545213, 0.60516685, -0.5340867, -0.015982464, -0.4363414, -0.4117942, 0.039862417, -0.29874277, -0.25605336, 0.14320643, 0.16775367, -0.15636691, -0.68891644, -0.74319917, -0.949346, 1.2085885, -0.958003, -0.520831, 1.0734127, -0.70281905, -0.09643897, -0.61450386, 0.016612433, -0.522531, -0.31574503, -0.2911978, -0.32440192, -0.37209067, 0.05848736, 1.2335244, -0.48742715, -0.90851986, 0.98323435, 0.05620231, -1.1196661, 0.26249123, 0.52020353, -0.8850953, -0.939378, 0.7753875, -0.5576755, 0.28186974, 0.13720888, 1.343564, -0.44032133, 0.16605884, -0.15806179, 0.47305453, 0.7096882, 0.7210594, 0.9395511, 1.0033191, 0.2768252, -0.2623183, 0.11336766, 0.52580345, -0.38015002, 0.83279914, 1.2633772, 1.0386996, -0.48830742, 0.3512377, -0.7631446, 1.2189877, -0.71202606, -0.68747884, -0.6237109, -0.5744274, -0.531738, -0.548689, -0.27499014, -1.0832529, 0.8346679, -0.8667043, -1.322003, 0.19745433, -0.984536, -1.0598285, -0.020532422, -0.8539279, 1.1638324, -0.7656127, 0.15570153, -0.549064, -0.28707066, -0.7608267, -0.5724829, -0.39862368, -0.60508585, 0.37456968, -0.09918636, -0.28457004, 0.51216835, 0.056554455, -0.64789575, 0.37325802, 0.18787442, -0.8840246, -0.96591103, 0.44305837, -0.7781527, 1.4034044, 0.8298086, -0.12410858, 0.08665638, -0.13794804, 0.42412323, 0.22425501, 1.1389753, 1.2466002, 0.5236923, 1.4594913, 0.38759202, 0.05655399, 0.7224378, 1.1207125, 0.3124497, 0.86003643, 0.6535742, 1.3150886, 0.4676051, 1.1542522, -0.29137433, 1.4953767, 
-0.6447733, -0.6202261, -0.8566375, -1.1075335, -0.7646646, -0.32835317, -1.204344, -1.140576, 0.70978355, -0.14806512, -0.05403269, -0.6298442, -0.5660762, -0.21661341, -0.77428275, -0.61107165, 0.013834335, -0.8229358, -0.473473, -0.73096293, -0.7181212, 0.5071435, -0.32962662, 0.019836158, 0.36270493, 0.49883702, 1.123743, 1.1875111, 0.3362564, 0.97930455, 0.47297814, -0.10283336, -0.039065372, 1.2109355, -0.54745126, -0.9845989, -0.05951355, 0.0042544343, 0.3537172, -0.2039521, 1.2585582, 1.2831054, 0.7465146, -0.10474016, -0.6624094, 1.274799, 1.2993462, 0.4625759, 0.51185936, 0.8547282, 0.04822258, 0.072769806, 0.43671703, 1.3865386, 0.52868986, -0.5088165, -0.18408987, 1.0803957, -0.37121785, -0.62870777, -0.4264512, -0.6973693, -0.6336013, -0.43658525, -0.24616316, -0.8628365, -0.6905566, -0.3313233, 0.30889082, 0.20384762, -0.4454974, 0.31771326, -0.20944944, -0.7510967, -0.5606746, -0.54519624, 0.07028172, -0.45688105, -0.5553302, -0.21717548, -0.64753175, -0.6229845, 0.3271795, 0.3764629, 0.7146177, -0.19752103, 1.0088878, 1.368121, -0.35538778, 1.3123611, -0.22337994, 0.68756336, 0.012668002, 0.8006148, -1.2249532, -0.91400945, -0.0030661635, -0.3824962, 0.10998523, 0.7436054, 1.4438821, 1.1729639, -0.5360602, 0.2518866, -0.7395526, 1.3029622, -0.14981739, 0.50488114, 1.4405608, 0.7445867, -0.052490912, 0.8584525, -0.11190832, -0.80128825, 0.27552986, 0.29100823, 0.16782287, 0.23159085, 0.28087425, -0.41509968, -0.5371656, -0.36940962, -0.592059, 0.45968527, -0.6432949, -0.40524006, -0.38069284, 0.8287447, 0.7348194, -0.08174328, -1.2903512, -1.2658039, 0.37325972, 0.70896053, 0.17881519, -0.8036433, -1.0655135, 7.154271E-4, -0.37962717, 1.2383578, 0.53515613, -0.29954883, -0.09257215, 1.1023809, 0.7154442, 0.66708165, 1.2644637, 0.18256213, -0.34098932, 0.41774356, -1.5069077, -0.47989962, -0.702549, 0.7788214, 0.105467305, -0.7337824, 0.72285175, 0.07057628, 0.83590317, -0.8399117, 1.4130408, 0.0055009127, 0.21247764, 0.54817843, 0.87728524, 0.8289228, -1.0082431, -0.37164032, 0.68010396, 0.8660021, -0.9154405, -0.17484982, 0.60496163, -0.4914245, 0.69693446, -0.71515, -1.1202289, -0.9132523, 0.85453546, 0.8972249, -0.500548, -0.050142698, 0.43948343, 0.48876685, 0.105598114, 1.0446246, -0.20840251, -0.5704927, -0.9470673, 0.7990543, -0.68466675, -0.66011953, -1.0222096, -0.9729262, -0.93023676, -0.76702565, 0.10923777, -0.67871046, -0.629427, 0.2649786, -0.14803782, -0.12349059, -0.0597226, 0.41541895, 1.3098245, -0.30629763, -0.7076085, 1.48545, 0.25715905, 1.1515648, -0.3321565, 0.11824873, -1.0955575, 0.6571582, -0.15186846, -0.4145155, -0.8158263, -0.7520583, -0.7027749, -0.23422745, 0.153244, 0.17779122, 1.0932753, 0.29084265, 0.7593901, 1.2725585, 1.2971057, 0.9350157, 0.55844074, 0.17527215, -0.030874811, 1.2712467, -0.36841762, 0.95844007, -0.2764448, 0.31262434, -0.9404026, 0.40093958, -0.4014932, 0.067054376, 
0.7057623, -0.052986376, -0.30253682, 0.68670183, -0.36722317, -0.9749699, -1.107082, -0.57333636, -0.21073455, -0.01138594, -1.1574881, 0.59031034, -0.7558544, 0.39004335, -0.50722235, 0.28262553, -0.31946403, -0.25569606, 0.7335425, -0.16372323, -0.7743851, -0.59631187, 1.1907073, -0.3266013, 0.029406551, 0.36161485, -0.7104522, 0.6065893, 1.5958279, -0.24139303, -0.6041991, 0.51696247, 0.26741207, -0.15328214, 0.35938486, 0.522596, -0.23615274, -0.4857032, -0.87506545, 0.38956568, 0.97781575, -0.40756977, 1.3794494, -0.4511776, 0.06148942, 0.70701617, 0.41824502, 1.10865, -0.09534031, -0.52262855, 0.9944757, -0.54756904, -0.013823509, 0.8187559, -0.07850981, 1.0246564, -0.20406988, 0.17301653, -0.7176553, -0.20498826, 0.44350344, 0.01826305, -1.0424381, -0.9931547, -0.2757838, -0.5904021, -0.11606727, -0.052299283, -0.0030158684, 0.71435505, 0.28331435, 0.08296775, 0.37162954, -0.92845005, -0.435973, 0.6268135, 0.20157298, -0.85912824, 0.3146244, 0.3573138, 0.37015554, 0.39470276, 0.45847076, -0.39182112, -0.3491317, 1.1354007, -0.8640966, 0.54903436, 0.8232116, 0.865901, 1.1095417, 0.6843013, -0.6012937, -0.77690405, -1.1840024, NaN, 0.1282251, -1.1573699, 0.2412765, -0.1658217, -0.65399605, 0.4950204, 0.10900064, 0.38317788, 2.2250178, 1.0108243, NaN, -0.02532956, 0.24884765, 0.74132466, -0.3643976, -0.5647442, 1.0732806, -0.45169276, -0.6338972, 0.20399548, 0.0036487877, 0.51720446, -0.78287506, -0.7401856, -0.50822514, -0.48367792, 0.5849643, -0.16965163, -0.64949673, 0.5154557, -0.66584617, 0.402796, -0.9547444, -0.71108013, 0.087647066, -0.69170505, -0.8289119, -1.1815783, 0.66988486, -0.77470285, -0.34820586, -0.08346302, -0.23515448, 0.20948464, 0.22232637, 0.2468736, 0.109666765, 0.7618747, -0.401285, 0.24113289, 0.46665505, 0.1284733, 0.37873152, -0.5834532, -0.58862525, 0.038846407, -0.90225977, -0.6520015, -0.40833724, 0.15682353, -0.62252855, -0.3577858, 1.2992964, -0.46678773, -0.50517446, 0.9261967, -0.21588443, 1.4411978, 1.0819376, 0.11655657, 1.1459781, -0.3980527, 1.2590295, 1.301719, 1.0955719, 0.91914415, 0.37998784, 0.630246, 0.8739103, -0.57067734, 0.659719, -0.0804124, -1.0360032, -0.39038926, 0.14204913, -0.46080363, -0.39703566, 0.27964777, -0.3050628, -0.28521883, -0.4175216, 0.5873464, -0.61817014, -0.57548076, -0.6247777, 0.34086955, 0.40463755, -0.48717904, 0.02606041, -0.43812847, 0.21381876, -0.6635133, -0.77107996, 0.68325955, 1.0098013, 0.09324847, -0.47038355, 1.4610999, -0.06471068, 0.11198336, -0.17716938, -1.3682014, -0.534668, -0.6488286, 1.0272245, 0.42437163, 0.48813963, -0.5605269, -0.6746875, 0.11592366, -0.80062914, 0.51793885, 0.56722224, -0.48803833, 0.72837496, 1.0666223, 0.5029902, 0.55227363, 0.5949631, 0.4579571, 1.2667544, 0.70312214, 0.43870562, 1.1087953, -0.19530186, -0.95500463, 0.04986334, 1.0402468, -0.79926383, -0.7929027, 0.015894562, -1.0182877, -0.4984541, 0.9558854, 
-0.51953644, -0.49498922, -0.8914152, -0.3819378, -0.3392484, -0.6434604, 2.6024444, -0.094951175, -0.9660557, -0.0029783472, -0.6693193, -1.1049662, -1.0411981, -0.53172064, -0.028837256, -0.78601414, -0.30127287, -0.69769895, -0.6484155, -0.60572606, -0.13269034, -0.108143106, -0.5045691, 0.4651023, -0.8727902, -0.25661427, -0.69226104, 0.7520889, -0.5792096, -0.076326236, 1.0981086, 0.66246206, -0.19415797, 0.77551347, 0.81820285, -0.399168, -0.37462077, 0.1493412, 0.19862461, 1.161702, -0.71746063, 0.22747456, 0.29124254, -0.579862, 0.8434093, 0.5391974, 1.4841326, 0.6275126, 0.676796, 0.7194854, 0.5133385, 0.5378857, 0.6016537, 0.65093714, 0.6936265, 0.39664352, -0.039003104, 0.4849587, -0.8463397, 1.0371257, 1.6251289, 1.6496761, 1.7134441, 1.0584452, 1.805417, 0.3367287, -1.0472887, 0.4250439, -0.5820961, -0.18726555, 0.3108698, 1.0396993, 0.047043867, -0.25581384, -0.91740674, 0.30222782, 1.3831984, 1.4469664, 0.7919676, 0.834657, 0.4953576, 0.1677637, 0.5836728, 0.9850974, 1.0277869, -0.7930426, -0.41635427, -0.35258627, 0.048838302, -0.26061344, -0.46676037, -1.1464955, -0.37844515, 0.37512055, 1.1220922, -0.12326121, 0.6055683, 1.0214773, -0.68994486, 0.057026837, -1.0377833, 0.04318738, 0.106955364, 0.50837994, 0.5510694, -1.26976, -1.5973539, -0.4771626, -1.1321614, -1.0894719, -1.295619, -1.2710718, -0.8551626, -1.1580204, -1.1153309, -0.9521198, 0.48099196, -1.4272304, 0.5940434, 0.6367328, -0.3383029, -0.3137557, -0.24998769, -0.98150116, -0.15801486, -0.9224208, -0.8978736, -0.4437073, 0.77677155, 1.2098591, -0.9482797, -1.7045295, -0.079167776, -0.42028272, 0.79360205, -0.6047806, -1.3610303, -1.2972623, 1.0944117, 1.9178979, -0.021252412, 0.0032948144, -0.3233356, -0.27405217, 0.54943407, -0.21497196, -0.19042474, 0.65414023, 0.7034237, 1.52691, -0.24083087, -2.3244352, 0.62828135, 0.6775648, 0.7202542, -0.6781285, -0.65358126, -1.3706101, 1.0210639, -0.49784043, -0.5362271, -0.121281505, 1.1136819, 0.3821683, 1.9864515, 0.44124871, 0.07539745, 1.3103608, 0.57884735, 1.7927319, -0.36540717, -1.5120553, -0.27709198, 0.55298847, 1.3764746, -0.021908022, 0.0026392043, -0.7143896, 0.115690604, 0.93917704, -0.06073589, 0.5068552, -0.40685576, -0.35757232, -0.3148829, -0.64485383, -0.07726274, 2.1586807, 0.035788663, -0.8990008, -0.6707127, -0.6461655, -0.36517993, 0.5529736, -0.4904247, 0.2158303, -0.3026663, -0.6733334, -0.62404996, -0.5813605, 0.95200396, -0.10953654, -0.045768555, 2.7187343, 0.046204273, -0.17515785, -0.47643694, 0.4562012, -0.037559222, -0.5379137, -0.20101675, 0.36657432, -0.11270155, -0.60646194, -0.346555, 0.14248241, -0.15879665, -0.31224623, -0.26296282, 1.4088582, -0.04144252, 0.308931, 0.37269896, -0.12106146, -0.51280713, 0.7863535, 0.81090075, 0.33162487, 0.9239521, -0.66249, 0.21745078, 0.241998, -0.23727787, -0.18799445, 0.94078267, -0.5251378, 0.58549714, -0.43682253, 0.15550472, -0.12763216, 
-0.18247181, -0.15792459, 0.20600966, -0.044873185, -0.0021837726, -0.76658976, 0.1584563, -0.6782746, -0.028658621, -0.58630174, -0.19211614, -0.7679014, -0.4039672, -0.65485, -0.011828117, -0.44894946, -0.42440224, -0.36063427, -0.31135085, -0.38872796, 0.044346552, -0.23127249, -0.16750449, 0.18194517, 0.22463459, -0.23960513, 0.0851084, -0.75162244, 0.1981598, -0.6596496, -0.26546404, 0.059249494, 0.72335, -0.42803165, -0.6855085, -0.5222973, -0.49775013, -0.43398216, -0.0845325, -0.34200934, -0.08022977, -0.05568254, 0.30825168, 1.2580339, 0.7003908, 0.23615108, 0.56086457, -0.5760325, 0.673916, 0.1162729, 2.311456, 1.7356707, 2.399771, 1.8487221, -0.20975232, 0.2536251, 0.27817237, 0.34194034, 0.091057435, -0.46658564, 0.31054342, 0.33509064, 0.39885864, -0.38546824, -0.34277883, -0.27357453, 0.584583, -0.18525931, -0.1359759, 1.5739342, 0.5341769, -0.69169134, -0.62792337, -0.16183478, -0.11914537, -0.3727394, -0.34819216, -0.2844242, -0.6519459, -0.60925645, 0.23719552, -0.15506239, 1.159121, 0.79159933, 6.784238E-4, 0.48668787, -0.3223752, -0.2586072, -0.2093238, -0.16663438, 0.044023838, 0.06857106, 0.5491442, 0.18162246, -0.60929835, -0.4460873, -0.0047349147, -0.35777208, -0.72529376, 0.5678111, 0.11261921, 0.13716644, 0.20093442, 0.25021785, -0.123897895, -0.47149873, -0.4469515, -0.38318354, -0.3339001, -0.2912107, 1.169863, -0.4728104, -0.40904242, 0.47385132, -0.3170696, -0.15385845, -0.12931123, 3.268898, 0.4005453, 0.026429579, -0.34482598, -0.32027876, -0.25651076, -0.70880383, -0.16453794, -0.92894393, -0.40282023, -1.0412593, 0.71338415, -0.2470794, 0.04835008, -0.9302556, -0.8664876, -1.0178349, -0.27293828, -0.6113036, -1.088333, -0.52298844, -0.473705, -0.43101555, -0.41817388, -0.39362666, 0.17171782, 0.22100124, -0.23788583, -0.5007153, 0.5269849, 0.59075284, 0.6400363, -0.3204273, -0.024997804, 1.5042788, 1.5680468, 0.11260082, -0.8478626, -0.18307507, -0.15852784, -0.5963363, -0.54705286, -0.5043634, 0.46040273, -0.51820296, 0.5487179, 0.59800136, 0.6406908, 1.3810142, 1.4055614, 1.4693295, 1.5186129, 1.5613023, 0.35200244, 1.3797024, 0.44031763, 0.48960108, 0.53229046, -0.3076514, -0.28310415, -0.21933617, 0.33152366, -0.62893975, 0.5774446, 0.0695504, 0.39953908, 0.71504325, -0.040929534, -0.27289408, 1.6151981, 0.08164189, -0.13529545, -0.6250475, -0.032532223, -0.8066472, 0.05578298, 0.10506639, 1.74508, -0.5941835, -0.72936875, 0.9317235, -0.35009664, -0.5736279, -0.29456547, 2.125968, 0.59241194, 0.6416954, -0.11427742, -0.34624198, -0.5879154, -0.52414745, -0.74108475, 0.10026683, -0.10588011, 0.4511085, -0.017564904, 0.031718507, 2.2041733, -0.56104314, -0.64298415, -0.47272798, -0.42344454, -0.11453435, 0.11329965, 0.40406764, -0.33082658, 0.2508983, 1.0922499, 0.32784384, -0.1800503, -0.116282314, -0.59944034, -0.024309486, -1.0291187, -0.47212994, -0.67458266, -0.6252992, -0.5826098, -0.41939873, -0.39485145, 0.7337993, 0.7830827, 0.2933308, 
-0.8140605, -0.36297905, -0.3845179, -0.4631948, -0.63377243, 0.17999841, -0.73382986, 0.6095409, 0.44555724, -0.79135615, -0.9975031, 0.17868674, 0.3704149, -1.2864388, -1.0304823, -0.014202513, -1.055991, -0.99222296, -0.9429396, -0.68698305, 0.8187287, -0.0097925775, 0.6937768, 0.74306023, -0.28058612, 1.0876794, 0.21650463, 0.32292593, 0.9693573, -1.461852, 0.6352863, 0.8731006, -1.1958029, -1.6583606, -0.2507615, -1.5377669, -0.48953745, -0.21250227, 0.47658253, -0.973598, 0.18231128, 0.6333927, 0.69716066, 0.19194959, 0.6185199, 0.79248923, 0.9876503, 0.8381511, 0.97274137, 0.9301239, 0.8092839, 0.8764844, 0.3857578, 0.7762688, 1.0322253, 0.21440758, 0.19630139, 0.51598984, 0.7785404, 0.096121654, -0.7018047, -0.24306959, -0.5592159, -0.67275304, -0.6300636, -0.037632562, 0.5296494, 0.32205006, 0.5884274, -0.94281405, -0.3348589, -0.03894425, 0.838926, -0.63144803, -0.96867305, -1.0768294, -0.7809147, -0.71714675, -0.93923074, -0.35380647, -0.3409647, -0.045050036, 0.8328201, -0.31191304, -0.16067666, -0.11098045, 0.72766906, 0.5200695, -0.678937, -0.4734272, 0.40589538, 0.15907529, -1.2968142, 0.54349405, -1.3133883, 1.2921294, 0.77394176, -0.7904946, -0.19847631, -1.2412565, 0.34856117, 0.9158431, 1.2509787, 1.3002621, -0.285253, 0.46999854, 0.33172518, 0.7754077, -0.6406929, 0.32464564, 0.55268663, 0.57723385, 0.6410018, 0.5274647, 0.4616071, -0.8405657, 1.1921003, 1.2558683, 1.0337844, 0.7508329, -0.2414763, 0.03463549, -0.40472567, 0.14768688, 0.19037631, 0.18066396, 0.7083403, 0.26897916, -0.83893436, 1.1156455, -0.096759446, -0.4747156, 0.9978139, 0.040839173, -0.8221038, -0.9104573, -0.33246803, -0.9227678, -0.3703553, 0.17546314, -0.06325962, 0.31347796, -0.72963804, -0.7306676, 0.6201576, 1.6167035, 0.8865569, 0.6484474, -0.9122822, 1.0422977, 0.3330218, 0.9613238, -0.08179213, -0.032508712, -0.090445176, -0.83286643, -0.25487718, -0.9961157, -0.19213867, -0.4010138, 0.2146673, 1.094534, 0.15204377, 1.2075855, 1.5018394, -0.4197635, 0.7619806, -1.4383322, 1.6297258, 0.6661569, 0.9128262, -1.1757689, -0.96106213, -0.2577109, -0.11439562, -0.253062, 0.3752401, -0.1144339, -1.0714086, -0.37465143, 0.5384678, -0.121203, -0.14866409, -0.32745343, 0.7187559, 0.63856804, -0.93339366, 0.72688323, -0.9571858, 0.36271057, -0.07150901, 0.40918374, 0.24487883, -0.39005578, -0.8035118, -0.9596024, -0.6157535, -0.095840044, 0.82011956, -0.68808526, -0.036639947, -1.3349144, 0.7815078, -0.62887394, -0.03881007, -0.80321604, NaN, -0.48682824, -0.89369017, -0.8510008, 0.76743394, 0.10776296, 0.81013465, -0.05287276, 0.8108783, -0.25750315, 0.679335, -0.853406, -0.5760499, 0.6982322, 1.2528344, 0.6843927, 0.88500434, 0.52375674, -0.39145917, 0.25818568, 0.10027476, 0.16404274, -0.6533502, 0.62093186, -0.13258955, 0.66740483, -0.86533606, 0.23308174, 0.13892746, -0.8382249, 0.32668585, 1.3027446, 0.8958827, 0.756114, 
-0.49751163, -0.4729644, -0.40919644, -0.359913, 0.62292403, -0.768247, -1.0570824, -0.6799318, -0.31726587, -0.587959, -0.48072338, -0.76955867, 0.5477394, -0.65650725, -0.6138179, -0.76398927, -0.42605948, -0.6756741, 0.3137569, 0.043063812, 1.3094356, 0.39383528, -0.48254433, 0.5068867, -0.39057148, 0.098552704, -0.50366515, 0.5002504, 1.4896815, -0.034541827, 0.072693795, -0.529524, -0.4657561, 1.1504399, -0.68716574, -0.5239546, -0.49940738, -0.4356394, 1.1805567, -0.030284073, 0.8714769, 1.522789, 0.6464095, 1.3224579, 0.11161728, 0.9141239, 0.3119061, 1.0024391, 1.0517225, 0.78102946, -0.9920301, 0.5994297, 0.3498152, 0.39909863, 1.3819356, -0.33514845, -0.6239837, -0.5602157, -0.5109323, -0.46824288, -0.72306687, -0.48307204, 0.011591218, -0.37002063, 0.10356405, -0.66084194, 1.0872862, 0.07381616, -0.3077957, -0.2651063, -0.2558056, -0.015810736, -0.1674904, 0.74358344, -0.937308, 1.1649315, 0.97403115, -0.6857817, -0.6364983, -0.5938088, -0.15007189, -0.12552465, -0.49265197, 1.2802124, -0.4006791, -1.1650851, 0.58304304, -0.21497941, 0.48064688, -0.984797, 1.1789799, 0.34173658, 1.0518475, -0.8378977, -0.36431307, 0.44524086, 0.25434056, -0.11278674, -0.27895093, -0.6671567, 0.5871422, -0.68099624, 0.46000987, 0.9401885, 0.7674303, -0.64331853, 0.8893621, 0.0913395, 1.0024135, -0.2475829, -1.3155203, 0.8635031, 0.06548059, -0.7470264, 0.8037963, 0.105216995, 0.77610695, 0.8398749, 0.24281563, -0.791733, 0.032140166, 0.056687392, 0.12045538, 0.16973878, 0.21242821, -0.47823548, -0.4905594, -0.46366256, -0.34063685, -0.3716897, -0.5040944, -0.3689338, 1.7227464, -0.3664958, -0.028837346, -0.23433751, -0.17291915, -0.10915116, 1.009395, 0.31466183, 1.4336375, 0.09395288, 0.23146313, 0.13326204, 0.13908032, -0.55158335, -0.52703613, -0.3526548, -0.48772702, 2.1359415, -0.5774423, -0.4422817, -0.48912713, 1.3299706, -0.28654087, -0.3076854, -0.2831382, -0.035014536, 1.6734698, -0.09052622, -0.055170663, 1.3336084, -0.040597692, -0.028185416, 0.08824627, -0.56554633, -0.5409991, 0.44454718, -0.4279477, 2.0113652, -0.5914052, -0.64060026, 0.78739953, -0.52754885, -0.48485947, -0.35851943, -0.4077145, -0.15959086, -0.18404971, -0.21510254, -0.34474403, -0.66969484, -0.6059269, -0.2071454, 0.5345402, -0.5793639, -0.55481666, -0.4910487, -0.44176525, -0.3990758, -0.25572467, 0.11832058, 2.279077, -1.1666204, -0.77443284, -0.96071976, -0.5866745, -0.17340839, -0.82312113, -0.43093365, 1.6788965, -0.044046592, 0.7187175, 0.4185029, 0.4611923, -0.3032137, -0.27866647, 0.48409772, 0.8828792, -0.8219218, -0.32907256, 0.7439689, 0.10874067, 0.5075223, 0.55021167, -0.3350715, -1.0095204, 0.45223984, -0.19747287, -0.5042815, 0.505826, 2.6273615, 0.5941412, 0.9929228, -0.012882099, 0.2712062, -0.40324277, 0.3595214, 0.75830287, -0.24750195, 0.2453473, 0.26989454, 0.3336625, 0.033447772, 0.7751334, -0.45964783, -0.43510056, 0.32766354, -0.6715473, -0.62885785, 
-0.01609487, -0.34061903, -0.3932082, 0.47057515, -0.41759247, 1.2615012, 1.4024055, 0.5353165, -0.5789713, 0.045503713, 0.18842815, 0.91111827, -0.18868509, 0.5587411, -0.32942656, -0.28257254, 1.1382602, -0.54332876, -0.49404532, -0.91678435, -0.6712284, -0.41396692, 1.7442294, 0.048155874, -0.7236545, -0.7899178, 0.2818436, 0.11289729, -0.7686763, 0.20487012, 1.1622944, -0.9075866, 0.43610978, 0.1363218, 0.2953683, -0.0068490393, -0.44773033, -0.6166766, 0.82889235, -0.29198954, -0.6794476, -0.5385432, 0.4560818, 0.27265096, 1.0134832, 0.48179132, 0.38998145, -0.0116790235, -1.242324, -0.5014919, 1.3867896, 0.48047966, -0.27025223, -0.104611605, -0.1782794, -0.48049676, 0.35855037, -0.50853866, -0.5756123, 0.51429117, -0.6136456, -0.5890984, -0.65161633, -0.349761, -0.55964345, -0.6926198, -0.7943585, -0.6043046, 0.32898045, -0.8911895, 2.059812, 0.5689281, -0.8827353, 0.17683563, 0.5983829, -0.8801233, -0.8555761, -0.7918081, 0.14147694, -0.82612115, 1.2072957, -0.5361603, -0.5986783, 0.20832083, -0.25413358, -0.008251969, 1.0265828, -0.04622267, 0.12934665, 0.298322, 0.471033, 1.2532957, 0.4330622, -1.0330857, 0.77760684, 0.68824613, 0.2076496, 0.52398944, 0.4469869, 0.48967633, -0.8115698, 0.7284087, 1.0447488, -0.29511333, -0.63128173, -0.76425797, 0.3968628, 0.20805873, -0.75294536, 0.17374566, 0.3464567, 0.74986154, 0.5610577, -0.90509015, 1.0318884, 1.4476713, 0.461931, -0.4845885, 0.06983866, -0.26632965, -0.50581694, -0.13805127, -0.589111, 0.23241395, -0.23972431, 0.11132981, -0.29314613, -0.74420583, 1.1927791, 2.093515, -1.2874031, -0.4906143, -1.0274786, 0.995311, 1.2096095, -0.68649, -0.83355206, 0.25987142, 0.9955916, -0.84942037, 1.1369275, -0.7262268, -0.23343575, 0.41647992, 2.089457, -0.73425967, -0.5381033, 0.8127339, 0.6904082, 0.73309755, -1.2749463, -0.90718055, -1.1866311, 0.3213308, 0.87884784, -1.0172517, -0.22046301, 1.387788, 0.4074161, 0.96493316, 0.068500385, -0.59338933, -0.78703517, -0.30872864, 0.334593, -1.3736637, -1.0917026, 0.94557154, 0.65163654, 1.3807629, -1.4853272, -0.9459523, 0.49068952, 0.7115821, 1.5265131, -0.7128049, -1.0314763, 0.1477518, 0.28283978, 1.2693801, -0.5660576, 0.14913899, -0.47774243, 0.2621904, -0.38576955, -0.45952618, 0.25567058, 1.0100877, -0.32192755, -0.96988744, -1.1760346, 0.22981167, 0.29357964, -1.0384359, 0.38555247, -0.8325353, -0.8079881, 0.63707876, -0.00428728, -0.65224725, 0.051243883, 0.075791106, 0.13955909, 0.1888425, 0.23153192, -0.53287405, 1.5636215, 0.24609067, -0.39527544, 0.3380635, 0.82256585, 1.5377625, 0.91088104, -0.42113432, -0.3784449, -0.2152338, -0.19068657, -0.12691858, 0.61301434, -0.034945752, -0.07333244, -0.7394346, 0.70563227, 0.06426619, 0.1069556, 0.03319914, 0.7483956, 0.12151435, 0.17079777, 0.2134872, 0.00734023, 1.4131862, -1.2856435, -1.2363601, -0.50302124, 1.7321382, 0.3753866, 1.1298039, -0.20221148, -0.85017145, 
0.02780217, -0.52752036, -0.3477784, 0.28137475, -0.25580558, -1.0202116, -0.4157946, -0.6999485, -0.766639, 0.31981596, -0.23425281, 0.13821626, -0.14593759, 0.25126764, 0.8738268, 0.10924634, -0.56205016, -0.4982822, -0.7969206, -0.52228326, -0.9733373, -0.02099849, -0.76904815, 0.09205291, -0.09720558, -0.62966365, 0.20670122, 1.3142349, -0.3760911, -0.9132713, 0.040321138, 0.06486836, -0.4512334, -0.054028135, 1.3803487, 0.03589846, 0.060445685, -0.22370818, 0.5214189, 1.7238479, 0.29377377, 0.5502689, 0.4980629, 0.08345054, -0.8016516, 1.5652391, -0.6137188, 0.37784076, 0.6590721, 1.8615011, 1.0754843, 0.5201618, 0.00406003, 0.1693174, 0.32798076, 0.3752179, -0.75997436, -0.34828448, 0.048920766, -0.14033772, 0.7739642, -0.58934754, -0.5255796, 1.0322462, -0.73531514, -0.2928872, 0.03336849, -0.98901397, -1.0604141, 0.43047607, -0.9825048, -0.5959074, 0.13161927, 0.5429529, 0.46495885, -0.6993473, -0.7351418, 0.113068275, -0.6220904, -0.6397427, -0.6872426, -0.6626954, -0.59892744, -0.549644, -0.20524609, -0.06452662, 1.1668546, 0.0841303, 0.13341372, -0.42731386, -0.6938025, 0.59792036, -0.6054873, 0.6506302, 0.39161095, 0.37379706, 0.5793693, 0.34142885, 0.0890038, 0.67476845, 0.63638175, 0.11785376, 1.3884557, -0.3725118, -0.6315309, 0.1126055, -0.16455571, 0.5026293, 1.4570382, -0.008814901, 0.6901637, 0.11129384, 0.1750618, 0.52605385, 0.81010985, 0.5509292, -0.14862391, 0.8202695, 0.32647765, -0.6566417, -0.40450627, -0.37995905, 0.61306965, -0.26690763, -0.22421822, -0.52399385, -0.49944663, -0.43567866, -0.8510255, -0.3437058, -0.5498527, 0.40395546, 0.0030928329, -0.4122541, -0.8341951, -0.48513192, -0.64643675, -0.118038364, -0.53338534, -0.026065536, -0.47785416, 0.011323441, -0.38953894, -0.34025553, 0.6316947, -0.13271135, 0.35646644, -0.044396143, -0.27389106, -0.4170537, -0.15857026, -0.13402304, -0.44195938, 0.44365898, 0.9509785, -0.27970147, -0.25515422, 0.2732441, 2.1810493, 0.8298476, -0.1378001, -0.11325288, 0.41514546, -0.46483183, 0.042487934, 2.0658643, -0.23274045, 1.317845, 0.8095717, -0.076999635, 1.5753753, 1.1352919, 0.26979923, -0.14554796, 0.36177206, 0.06035258, -0.6585089, -0.31596255, 0.3838035, -0.22398974, -0.72238547, -0.06562244, -0.2547408, -0.20545739, -0.16276798, 0.33725786, 0.36180508, -0.5859724, -0.78957534, 0.13821635, -0.7001465, -0.9284856, 1.1583732, -0.688991, 0.112357445, 0.27556857, -0.45854324, 0.11099737, -0.21904871, -0.049916096, 0.46869835, -0.3918567, 0.30412716, -0.2788053, 1.6605318, 0.26390997, -0.97597456, -0.2799908, 0.4015086, -0.18801796, -0.77349436, -1.0018334, -0.052963268, 1.0078654, 0.41833913, -0.5564383, -1.0376638, 1.9342972, 0.845592, 0.7618383, -0.92030966, 0.11578286, -0.8319945, -0.024052043, 0.5244101, 0.13933365, -0.21544866, 0.8598646, -0.35528368, -0.05970785, 0.7456905, 0.8966811, 0.20178999, -1.0133585, 0.42020595, 0.58341706, 0.1021916, 0.7981754, 1.2267883, -0.50072664, 
-0.90271, -0.6692447, -0.5532472, -0.71288186, -0.20012686, -0.7556148, -0.7832971, -0.301693, -0.6180162, -0.4186383, -0.36363757, -0.39131987, -0.48424047, -0.43495703, -0.6011856, -0.5946631, -0.83126336, -0.5063479, -0.45706445, -0.57106346, -0.34930375, -0.53367454, -0.2871033, 0.519508, -0.48239282, 0.42454544, 1.911519, -0.583959, 0.9799803, -0.021920543, 1.8611128, 0.31877473, 0.8003789, 0.6929739, -0.57007456, -0.6157814, -0.1211686, -0.42300722, -0.2170353, -0.27880487, 0.72739863, -0.34487385, -0.019958302, -0.23182245, -0.084674045, 1.7623955, 0.1678279, 0.44051397, 0.85540396, 1.5248475, 1.2142414, -0.066949084, 0.78026164, 2.39643, 1.133382, -0.42698073, 0.015402585, 0.34031808, 0.023994938, -0.19446315, 0.081125796, -1.0413842, -1.3335994, -1.2447623, -1.1625192, -0.34477746, -0.12246177, -1.4430729, -0.60271573, -1.3906538, -0.37063634, 0.36587727, 0.90428966, 0.91401947, 0.7589404, 0.13107762, 0.9466987, 1.2477888, 1.0201964, 0.3509193, -0.42731276, -1.3916079, -0.53676605, -1.0412343, -0.64256155, -0.33901796, 0.7930327, 0.8963543, -0.755171, -0.43560576, -0.24621579, 0.5694054, -0.07879318, 0.28691986, 0.7251462, 0.8883573, 0.5173676, 1.2535483, 1.3028316, 0.8708769, -1.342963, 0.06596351, -0.06803696, 1.3656257, 0.02393587, -0.10761099, -2.0607483, 0.5344559, -0.9984084, -1.588578, 0.73671144, -0.7417818, -0.32203054, 0.9534173, 0.20503293, 1.1593179, 0.7883282, 1.4454015, 1.2573628, 0.70674694, 0.3431769, -0.6730215, -1.285738, -1.2364546, -0.88154155, -1.0735375, -0.32046843, -0.10058858, -0.98797613, -0.8412121, -0.26679993, -0.8146627, -0.9590439, -0.38938773, -0.3466983, -0.80793446, -0.78338724, 0.16501445, -0.56626135, -0.21134824, -0.7709166, -0.22599652, -0.8387131, 0.1472412, -0.38247937, -0.15817708, 1.2193394, -0.17393647, 0.44775692, 0.022110958, -0.86052054, 0.30884662, -0.2518326, 1.358569, 0.46458745, 0.003351342, -0.38839957, 0.11768517, 0.505211, 0.39178845, -0.11493374, 0.16979992, -0.6510658, 0.64711237, 0.0653543, 1.278365, 1.6671731, 1.4187175, 1.4680009, 0.52198195, 1.3565805, 0.23630778, 0.30007577, 1.3901047, 1.2766821, -0.12122498, 0.6838814, 0.48746294, 0.7969328, 0.1111003, -0.22149462, 0.39990765, 0.16524807, -0.60614413, -0.19042036, 0.4627043, 0.26343086, -0.38156646, 0.37648225, 0.86681277, 0.73527277, -1.8514205, -0.071694545, -0.02241113, -0.20354214, 0.63113075, -0.090390705, -0.6980846, 0.9179432, -1.1283599, 0.6004399, -0.8671503, -0.13192052, 0.06657669, -1.3828713, 0.3893564, 0.6377241, -0.044576626, 0.30313435, -0.027210694, 0.8857456, -1.6263409, 0.6756332, -0.02115212, 0.096144184, -0.26289272, -1.5812691, -0.3237913, 0.17313349, -0.08260468, 1.3711461, 0.6496246, 1.3102475, 1.6579585, 0.20851047, -0.108254366, -0.30752784, -0.39297342, 0.103951156, -0.3756075, 0.015100516, 0.039647743, 0.10341573, -0.07112154, 0.7176366, 1.1046684, 0.45775378, -7.262379E-4, -0.5482979, -0.8786428, 
0.010327637, -0.17813808, -0.114370085, 0.0059176013, 1.0426675, -0.78680325, 1.7228954, 0.011555113, -0.43619168, -0.6065152, -0.6706535, -0.7881149, 1.050761, -0.46205056, 0.07766903, -0.5401674, -0.37361145, -0.16783482, -0.26056007, 0.066146664, -0.2760332, 0.03253131, -0.32972664, -0.20943895, 0.11726779, 0.55993533, -0.40957806, -0.2038014, -0.012509361, -0.6088588, -0.5309884, 1.2686669, -0.6556862, -0.2513812, -0.6347177, -0.54251087, 0.1920795, 0.18484321, 0.021113634, 0.7028421, 0.09642069, 0.47598952, 0.25574023, 0.30502367, 2.9748728, -0.2746843, 0.81492776, 1.5887393, -0.13708568, 0.0476124, 0.40950012, 0.07902573, -0.78026253, -0.5889704, -0.68828964, -0.3120656, 0.7775465, -0.22375037, 0.53557634, -0.48679918, 0.6017713, -0.21670014, -0.57444155, 0.06495492, 0.36054996, 0.017653361, 0.46370983, -0.56844646, -0.6877667, -0.6450773, -0.42971492, -0.23656392, 0.5016189, -0.29211628, 0.59359175, -0.08621577, -0.6517815, -0.5037117, -0.5387301, -0.15883332, 0.10691403, 0.13146125, -0.31058192, 0.24451265, 0.28720206, -0.055694524, -0.19975108, 0.032620687, -0.3396053, -0.71842515, 0.33995584, 0.78601235, -0.83625686, -0.36546418, 0.0987346, -0.91828036, -0.13501643, -0.49275777, -0.44347432, 1.2852523, -0.017662294, -0.16171873, -0.18225269, 0.54144573, 3.113191, -0.18027085, 1.5303137, 1.5940818, 0.8003463, -0.33719027, 0.21537952, 1.0829455, -0.11781454, -0.7429461, -0.36304915, -0.5370456, 0.5834259, -0.61733407, 0.27496803, -0.10385193, -0.22198611, 0.16397542, -0.1336709, -0.37351888, 0.31971624, -0.58925545, 1.7483432, -0.93463737, -0.30709112, -0.1921188, -0.25370002, -0.5905671, 0.70200944, -0.4775157, -0.29026058, -0.48846382, -0.6807651, -0.111017115, -0.3508652, -0.019044288, -0.4398997, -0.05393816, 0.08211267, -0.013169616, 0.6800655, 0.20479095, -0.42120752, -0.21287382, -0.380439, -0.41003245, -0.6884622, 0.9263081, -0.021884155, -0.6231464, -0.43589133, -0.8509431, 0.18556423, -0.11208215, -0.35193014, 0.34130505, -0.13077885, 0.25518268, 0.24666782, 0.440517, 3.013106, -0.4980482, 0.82759064, 2.3370154, 0.57922757, -0.028628737, 0.41577005, 0.44031727, -0.5078747, 0.19195433, -0.12677044, -0.61410505, 1.1452309, -0.5980728, 0.53545356, -0.36153418, 0.12640524, -0.30465013, -0.175796, -0.19159871, 0.95755404, -0.39262664, 1.1939864, -0.6948279, -0.12485588, -0.4075969, -0.87408805, -0.45902437, 1.5573258, -0.41105908, 0.3475772, -0.20515856, -0.18061131, -0.44227374, -0.45807642, -0.15504265, -0.07711485, -0.052567612, 0.011200372, 0.060483783, -0.026998933, 0.44523045, -0.44142732, -0.4427454, -0.52363414, -0.4158587, -0.23148915, 1.0947796, -0.4035182, -0.28914872, -0.051201116, -0.47376463, 0.4619877, -0.32036337, -0.33616602, 0.61772853, -0.13660508, -0.112057865, -0.30863416, -0.1291786, 2.7122118, -0.5254648, 0.9960623, 1.3852607, 0.78368324, -0.41026282, 0.6202257, 0.64477295, -0.46300846, -0.6089833, -0.4361217, -0.4030828, 1.3137025, -0.31476754, 0.45046276, -0.48313898, 
0.059248626, 0.51988345, 0.96522796, 1.5596211, 0.7846462, -1.3425337, -0.5003221, -0.6000871, 0.5939264, 0.7456377, -0.6597501, 0.56403804, -0.18985835, 0.9496443, 0.55624586, 0.61043507, -1.0548573, -0.009892173, -0.06963042, 0.79072315, -0.014099259, -0.97074926, -0.19833893, -0.8031869, 0.82032, -0.65272826, -0.30111536, 0.03520753, -1.0057281, -0.41792917, 1.0112524, -1.5262152, -1.4079362, -0.3774558, -0.44378805, 0.7006202, 0.8341893, 0.57089156, 0.2931093, 0.4448206, -0.41123044, 0.43098116, 0.33121616, -0.7642305, -0.06740944, -0.014151029, -0.42569166, -0.52545667, -0.04008538, 0.5477135, 0.8866761, 0.36611384, -1.3144687, 0.58818716, -0.45934272, 0.68506575, 0.70961297, 0.22827147, 0.05951108, 0.2112224, -0.3782869, 0.016984291, -0.28997168, -0.24068826, 0.54344904, -1.3331286, 0.10016944, -0.28093114, 0.43565536, -1.1528405, 0.049763307, -0.22226858, 0.21222335, -0.85066515, 1.3422234, -0.2740406, -0.6202174, 0.9264467, -0.50716597, 0.42526084, 0.21566853, -0.50123215, -0.36331958, -0.68475986, 0.47010118, -0.8133182, -1.1594949, -0.2059896, 0.10280053, -0.48474076, 0.42128447, -1.111209, -0.89915156, -0.10842024, -0.13987565, 0.023335468, 0.5668963, 0.7048091, 1.6438302, 1.53823, 0.31352627, -0.10679507, 0.40184146, -0.7351916, 0.34552485, 0.17427735, 0.717838, -0.9237244, 0.46016568, 0.35456538, 0.29670817, 0.4695446, -1.2461622, 0.36016196, 0.6994307, 1.3816552, 1.2579128, 0.7285225, 0.036357775, -0.21753193, -0.3020981, -0.27755088, 0.81852114, -0.6069154, 0.173134, -1.18116, -1.4515568, -1.1665808, -0.30620122, -1.5170239, 0.63638103, 0.14477634, -0.08639973, -0.11085225, -0.068162836, -1.6008797, -0.24908447, 0.1833635, -0.8733931, -0.24081558, 1.2467464, -0.20342663, -0.36086673, 0.13083264, -0.2688939, 0.81010014, 0.39223137, -0.1338887, -1.5593251, -0.48433188, 0.78424126, -0.5184594, -0.60216355, 0.7743682, 0.6695852, 0.7590604, 1.0048159, 1.2160556, 0.30677116, 0.57066846, -0.7949662, 0.9992449, -0.11676304, -0.28868747, 1.3024582, -0.051836185, 0.41512698, 0.62636733, -0.28291756, 0.8658118, 0.06977682, 0.68421215, -0.43179584, -0.67745644, 0.76621723, 0.26580405, 0.95397556, 0.3541193, 0.18219484, 0.59356403, -0.34698147, 0.81605774, 0.076184414, -0.5442335, 0.50300777, -1.3998903, 0.6337607, 0.49661836, 0.679842, -0.7508114, -0.8230181, -1.2672619, -0.53379244, -1.489061, 1.031523, -0.41254878, 0.5495801, 0.8812287, 0.19384071, 0.5713807, -0.6882099, 0.4078593, -0.19807392, -0.21576062, 0.6305703, -0.6026265, -0.10928851, -0.9831021, -0.19714746, -0.48930863, -0.025754426, -0.13514742, -0.43971515, -0.28997645, -0.38122725, 0.31774473, -0.7292299, -0.7994023, 1.3929251, 1.5025847, 0.9954072, -0.52035844, 0.8828121, 0.061483845, 0.5729641, -0.124471836, 0.70371693, -0.036156625, -0.32172376, -0.27903438, 0.18452005, -0.25972372, -0.4638362, 0.58999914, 0.8670838, 0.5280192, 0.82044685, 0.8172447, 0.46470726, -0.43018496, 
-0.088485636, 0.32238048, -1.7041713E-4, 0.1594898, 0.20217922, -0.5622268, -0.26173747, -0.58428836, -0.14868605, 1.2737137, -0.14657831, -0.1220311, -0.49977046, -0.56086385, 0.033709712, -0.3549633, -0.33041608, -0.04589445, 0.0033889636, 0.48758566, 0.39005062, 0.41459784, 0.036858503, 0.63802606, 0.018454526, -0.35963258, -0.16952008, -0.27131736, -0.3875992, -0.3449098, 0.7182768, -0.52650946, -0.5731183, 0.5799334, -0.37076867, 1.337718, -0.29338714, 0.046322916, -0.18033576, -0.027269509, -0.010467775, -0.2618626, 0.022659019, -0.1488112, -0.10612179, -0.64977413, -0.40447325, -0.56145895, -0.34661025, -0.69023967, -0.23412575, 1.4460739, 3.165494, 0.7312991, -0.32977974, 0.6612576, 0.13392064, -0.24381866, 0.24697204, 0.013719425, -0.274463, -0.24991578, -0.0015514866, 0.78611714, -0.09417496, -0.5816865, -0.37254298, -0.30877498, -0.536386, 1.16767, -0.14605463, -0.12150741, -0.61152834, -0.28535044, -0.7041518, -0.5409407, -0.33179712, -0.4526255, -0.40334207, 0.10083812, 0.3905743, 0.13822709, 0.20199507, 0.52817297, 0.2939679, -0.4704381, -0.44589087, -0.5667192, -0.05594499, -0.013255578, 0.4266844, -0.1948553, -0.40798175, 0.1027924, -0.5006052, 0.77018356, -0.40514502, 0.1201137, 0.16939712, -0.15710607, 0.265998, -0.17094553, 0.44661134, 0.3112985, 0.16939159, -0.13352364, -0.5704672, -0.22980472, -0.08822316, -0.41472638, 0.025213756, 1.2496368, 2.6978767, 2.7471602, 0.20550178, 0.18411662, -0.2528269, 0.27243185, -0.41666996, -0.37398052, -0.36841565, -0.34386843, -0.28010044, 0.51968795, 0.56237733, 0.54847634, -0.17748138, -0.48896617, 0.31082273, 1.4792699, -0.60314023, -0.9538453, 0.2356804, -0.4655416, -0.42285222, -0.63489336, -0.23509383, -0.54657817, -0.49729472, -0.07935304, -0.81701624, -0.041964065, -0.35344833, 0.44634005, -0.2614755, -0.2753765, -0.626082, 0.18819143, -0.13777788, 0.28016427, -0.3012354, 0.098564535, -0.5881729, -0.16363677, 0.6295576, 0.41751647, -0.683694, -0.61992604, 0.5551151, 0.9730568, 0.1841651, -0.16654038, 0.64773303, 0.32176375, -0.010799572, -0.024700098, 0.37509936, -0.3116376, 0.48815078, -0.9701698, -0.80106443, 1.8502508, 1.9140189, 0.4622919, 0.12972903, 0.29294014, -0.057765335, 0.3812554, 0.43053877, 0.47322822, -0.6529936, -1.3723371, -0.56467843, 0.22849566, 0.27118507, -0.49322093, -1.2125643, 0.33898482, 0.38826823, -0.31293288, -1.2629706, -1.2384233, -0.43076462, -0.38148117, 1.1489892, -0.9194713, -0.1510334, -0.08726544, -0.037982024, -0.73918325, -0.7263415, -0.70179427, 0.105864346, -0.58874285, 0.19783717, 0.92121226, 0.9457595, 0.26563695, 1.0588108, 1.1015003, -0.5924277, 0.17601004, 0.23977803, -0.45482907, -0.41213965, 0.49496195, -0.2243813, -0.904504, -0.11132991, -0.0686405, 0.63686335, 0.66141057, 0.72517854, 0.774462, 0.07326086, 0.7966359, 0.077292636, 0.14106062, 0.9342345, -0.5108571, -0.717004, 0.79532427, 0.85909224, 0.16448513, 0.95106506, 0.37038565, -0.3489576, 0.45870084, 0.5079843, 1.2945642, 
-0.44889897, -0.57838506, -0.45300376, -0.46533364, 0.070262335, -0.57091695, -0.7004031, -0.7290551, -0.95703155, -0.2365956, 0.08097075, 0.013097994, -0.69330066, -0.42837054, -0.4472944, -0.25327668, -0.44437617, -0.31899482, -0.6085847, -0.3810553, 0.24791971, 0.27246696, -0.033444997, -0.4154549, -0.4343788, 1.0809084, 0.6125489, 1.1384169, -0.41424623, -0.27913684, 0.7161761, 0.8331434, -0.33535522, -0.7789784, -0.95193565, -0.018557955, -0.48691735, -0.053469386, 0.365494, -0.26956323, 0.2465701, 1.5649972, -0.25044137, 0.07610206, 0.118791476, 0.77149206, 1.104106, 0.79819393, 1.525224, -0.4653265, 1.3617663, 0.8626002, -0.18267155, 1.3761383, 0.0017212629, 0.47299898, 1.3601328, -0.054819062, -0.62166893, -0.4249462, -0.2679677, -0.24342048, -0.17965248, -0.13036907, -0.08767966, -0.21001932, -0.82753843, -0.76377046, -0.714487, -0.6717976, -0.8779445, -0.8533973, -0.78962934, -0.64403594, -0.69765645, -0.21341223, -0.5098981, -0.44613016, -0.3968467, -0.3541573, -0.3413156, -0.31676838, -0.25300038, -0.20371696, -0.16102755, 0.0376659, -0.48354325, 1.0890807, 0.81733084, 0.5389871, 0.26863357, 0.4536973, -0.70246065, 0.14940561, -0.44997126, 0.35530615, -0.583246, -0.3589615, 0.49290478, -0.4275052, 0.015657805, 0.36123818, -0.3775767, -0.2640866, -0.28560388, 0.8761891, 0.90073633, 2.08812, 1.2385108, 1.6985434, 1.2676733, -0.4092552, 1.516505, 1.9510282, 0.3243453, -0.73236954, 0.2552771, -0.64405435, 1.0103948, 1.0530843, -0.30547684, -0.6480803, -0.53186226, -0.22032827, -0.5185645, -1.02072, -0.9174976, -0.25055352, -0.43729556, -0.84043187, 0.081098184, -0.7597812, -0.43376273, -0.38447928, -0.21066466, -0.9653303, -0.15403152, -0.66721463, 0.29994556, 0.26395983, -0.24769947, 0.03909825, -0.36918467, -0.05765077, -0.5919124, -0.3073164, 0.45153216, -0.21900117, 1.27266, 1.079324, -0.4643006, 0.68792385, -0.24486005, 0.46004954, -0.41513777, -0.25192666, -0.6207552, -0.42586192, -0.3765785, 1.6854398, -0.63452625, 1.1208742, 0.26676542, -0.3658024, 0.46363854, 0.09260826, 0.6416566, 1.2037004, 0.44000727, 0.4302466, 0.85350084, 0.87804806, 0.83691597, 1.2533499, -0.015213132, 1.0920999, -0.0897052, 1.2328651, 0.0233462, -0.3011151, -0.5880956, -0.27689707, -0.49978042, -0.07785029, 0.022169374, -0.5989109, -0.7176894, -0.2239444, 0.5419673, -0.4186229, -0.9400862, -0.6002226, 0.1801737, -0.6878271, -0.87445873, -0.56792194, -0.6867004, -0.47960675, -0.7169747, -0.38763386, -0.6614435, 0.68169975, 0.43015128, -0.2945238, -0.48115543, 0.9043235, -0.07440895, -0.5839436, 1.6152247, 0.6546345, 1.0217901, 1.3329887, -0.03649987, 1.5893657, -0.63249016, 1.2219638, -0.3300713, -0.6962803, 0.0696314, -0.1743305, -0.04072637, 0.09848136, -0.12440197, -0.36176986, 0.6841992, -0.36685818, 0.6609686, 0.581411, -0.085933864, -0.3298958, 0.32391125, 0.7784355, 0.87086856, 0.89148694, -0.06910336, 1.240713, 0.061324745, 0.89905125, -0.48492193, -0.2989068, 
-0.42865902, -0.3128463, -0.3403438, 0.48469627, -0.20273826, -0.73898053, -0.89696425, 0.76394975, -0.73828006, -0.7412234, 0.87793934, -0.5577612, 0.7380909, 0.7873743, -0.85834783, -0.6723203, -0.12299653, -0.60682154, -0.5119054, -0.28668496, 1.8708957, -0.43182698, -0.2311607, -0.13624457, -0.23045337, 1.5149416, 0.4899356, -0.4502167, -0.17276958, -0.58640754, -0.4274926, -0.49421087, 0.4365793, 0.5771282, 0.07222466, -0.22089165, -0.19634442, -0.36074015, -0.08329302, 1.5565424, 0.6055009, 0.8582118, 0.23748864, 1.6557543, 0.7857889, 0.021382935, 0.45662487, -0.57479304, 0.84347266, 1.1143259, -0.4608034, -0.6644199, -0.92008114, -0.09504107, 0.86030316, -0.4823662, NaN, 0.29044014, -0.34476757, -0.39334363, 1.0060016, 2.11548, 1.4559606, 0.05866962, 1.9095768, 0.060240164, 0.5187595, 0.07622657, 0.19783878, 0.9638155, -0.68890584, -0.6643586, -0.60059065, 0.53362346, 0.2869981, 0.30555162, 1.6320158, 0.53852445, 0.515479, 1.2814558, 1.2942976, 0.957201, 1.3826128, 1.0702524, 2.1978726, 0.3485358, 0.011439506, -0.64807963, -0.671125, 0.52882385, -0.5452675, -0.37606296, -0.095308796, -0.19068298, -0.94360924, -0.2740972, 0.32907978, 0.031204198, -1.3660867, -0.31079534, 0.4464339, -0.9755931, 0.89639264, -1.5858289, -0.81985223, -1.5842582, -0.330123, -1.495943, -1.4466596, -1.4039701, -1.6101172, -0.21132453, -0.87084365, -0.38758785, -1.0681856, 0.035298847, -0.1571401, 0.26827145, 0.31755483, -0.36304283, -0.55437905, -0.1950283, -0.46606386, 0.47602898, -0.15088865, -1.0826964, -0.77914625, 0.40063354, -0.5544936, NaN, -0.3831476, -0.91660625, -0.40643358, 0.31245694, -0.5934637, -0.7092555, 0.15230057, -0.34193736, -0.34845454, -0.5847681, 0.37668368, -0.4915785, -0.4278105, -0.37852708, -0.33583766, 0.23897043, 0.040315334, -0.23072028, 0.8229738, -0.58515203, -0.23329315, -0.09714469, 0.078224406, 0.015906706, 0.7282032, -0.3361987, 0.3579556, 0.19852123, -0.19860005, 0.2346935, 0.25210738, 0.83466053, -0.32918453, 3.6261399, 1.436806, -0.4436118, 1.2549533, -0.80170125, 0.58679634, 1.1874917, 0.64654106, -0.5565246, -0.3811555, 0.56093746, 0.71522796, -0.5723762, 0.17757873, 0.7435519, -0.2115752, 0.11011718, -0.366692, 0.015684314, -0.2783768, -0.050178833, -0.18640396, -0.23515189, -0.56843364, -0.14683667, -0.09755326, -0.5916074, -0.4399253, -0.5942925, -0.17269555, 0.055502392, -0.528009, -0.54371244, 0.107035615, -0.18702537, -0.19141641, -0.09505255, 0.81236184, 0.12125085, -0.17281014, 0.5921314, -0.08083731, 0.4071584, 0.07387656, -0.22018456, -0.17090115, -0.48604074, -0.5669474, -0.488726, 0.111785635, 0.33998358, 0.02484392, -0.25923133, 0.03368773, -0.17091611, 0.32565367, 0.010513995, 0.15104185, -0.0033254623, 0.23935707, 5.1193323, 0.68915904, -0.07524698, 0.12821478, -0.52367544, 0.062351644, 0.10504106, -0.10110589, -0.2554732, -0.01279068, 0.9310652, 0.16863942, 0.152936, -0.09088859, -0.027120605, 0.02216281, 0.06485222, 
1.5483342, 0.8078931, 0.87166107, 0.9209445, 0.96363395, 0.19922794, 0.22377518, -0.4774453, 0.33682656, 1.1445043, 0.17336904, 0.19791627, -0.5033042, 0.31096765, 1.1186454, 1.2818565, 0.54141545, -0.159805, 0.6544668, 0.69715625, 1.4749864, 1.4995337, 0.7983132, 0.08260819, 0.8902861, -0.63910836, 0.15042728, -1.3157816, -1.2664982, 0.3061681, -0.66496724, -0.64042, 0.9533248, 0.23761977, 0.2803092, 0.4435203, -0.29692087, -0.2331529, -0.18386948, 0.6238084, -0.17956674, 1.3749573, -0.09125154, -0.041968126, 0.76570976, -0.7636847, -2.2691147, -1.4403579, 0.9038908, -1.3483851, -1.5545322, -2.2949736, -1.4662169, -1.4169335, -1.3742441, -0.44604445, -0.42149717, 0.40725923, 0.4565426, -0.26575637, -0.93638104, -0.060093336, 0.0036746487, 0.052958064, 0.09564748, -0.6687585, 0.2075291, -0.2397472, 0.32058048, -1.3402109, 0.15712295, -0.6700702, 0.24543816, -0.55701876, -0.5143294, -1.2028588, -0.326571, 0.07789307, -0.2135196, 0.68091017, -0.15798846, 0.71829915, -0.06967324, -0.020389821, -0.82944083, 0.10963398, 0.9859218, 0.19794919, -0.26381168, -0.56181836, -0.4272692, 0.10832229, 0.17209028, -0.6303666, 1.1158037, -0.08377004, 1.303562, 0.5155895, -0.2868675, -1.0959185, 0.058131322, -0.25801754, 1.5092314, -0.14496614, 0.7494637, -0.014942341, 0.009604886, 0.92511344, 0.9743968, 2.7205667, -0.04080125, -0.5272983, 0.04751396, 0.09679738, 0.9912274, -0.20834635, -0.5244952, -0.4607272, 0.44029653, -0.3687544, 1.4223224, 1.4468696, 1.5106376, 0.78412014, 0.8268096, -0.71339715, -0.6888499, -0.62508196, 0.2000022, 1.0184925, -0.739256, 0.83689284, -0.65094084, 0.17414328, 0.99263364, 1.1558447, 1.1803919, 0.46835905, 1.2934433, 0.5603319, 1.3489746, 1.3735218, 1.4372898, 0.7107723, -0.022339042, -1.5625458, -0.7621978, -0.6984298, -0.6491464, 0.94514465, -0.8126039, -0.012255993, -0.7242887, 0.1007954, -0.6323159, 0.30669594, 0.3312432, 0.39501116, 1.2200955, -0.28881672, -1.1030042, 0.47314453, -0.23888819, -0.18960477, -0.92271614, -0.13552064, -0.8867741, -1.5988069, 0.0020779967, -1.506834, -1.7129811, -0.912633, -2.0125663, -0.7995816, -1.9205935, 0.18211962, 0.9824678, 1.0462358, -0.45608246, 1.1382086, 1.2403618, 1.886769, 0.70681727, 1.3779604, 1.4206499, -1.2093358, -0.5629287, 0.12269936, -1.6935971, 0.5256019, -1.2351948, 0.033072464, -0.5250196, 0.14612386, 0.81067306, 0.97388417, 0.37657166, 1.0621994, 1.1114827, -0.08954758, 1.167014, 1.1915612, 0.6334694, 1.3046126, 1.3473021, 0.89382607, -0.63627654, -0.5725086, -0.5232251, -0.48053578, -0.68668264, -0.6621354, -0.59836745, 0.072775975, -1.1282545, 0.5896063, -1.2514262, -0.87672824, 1.0381349, 1.0808244, 0.42057788, 0.4451251, -0.11296694, -0.6855434, -0.020994112, -1.40726, -0.13899283, -1.9408046, -0.64780146, -1.2269719, -1.4331189, -0.78671175, -0.7229438, -0.051800344, -0.009110928, -0.46775985, 0.17864744, 0.24241541, 1.5354186, 0.33438826, 
