-1.3982772, -1.5693172, -1.3982772, -1.1132103, -1.3982772, 0.027057052, -0.54307663, -0.54307663, -0.8281435, -1.1132103, 1.1673244, 0.59719074, 0.59719074, -1.1132103, -0.54307663, 0.027057052, -0.2580098, -1.1132103, -0.54307663, -1.1132103, -1.1132103, -0.54307663, -1.1132103, -1.1132103, -1.1132103, 1.4523913, 2.0225248, -1.1132103, -0.54307663, NaN, 0.59719074, 0.59719074, 1.7374581, 0.027057052, 0.027057052, 1.1673244, 0.59719074, 0.027057052, -0.2580098, -0.8281435, 0.027057052, 0.027057052, -0.54307663, -1.1132103, -0.54307663, 2.0225248, 0.59719074, 0.027057052, 0.8822576, 0.027057052, 1.7374581, 2.307592, 1.1673244, 2.0225248, 0.59719074, 1.7374581, 0.59719074, 1.1673244, -1.1132103, 0.027057052, -0.8871216, -0.8871216, -0.8027142, -0.9630883, -0.8871216, -0.8027142, 0.71661866, -0.8027142, -0.29626995, -0.8027142, -0.12745517, -0.12745517, -0.76051056, -0.29626995, -0.5494921, -0.12745517, -0.12745517, -0.8027142, -0.12745517, -0.8027142, -0.8871216, -0.21186256, -0.5494921, -0.63389945, -0.9630883, -0.29626995, 0.29458177, -0.63389945, 0.3789891, -0.81115496, 0.29458177, 1.2230628, 1.5606925, -0.12745517, -0.21186256, 1.9827292, -0.29626995, -0.5494921, 1.5606925, -0.8027142, 0.041359544, -0.21186256, -0.7183069, -0.46508473, -0.12745517, 1.1386554, 0.71661866, -0.12745517, -0.21186256, -0.043047845, 0.71661866, 1.5606925, 2.2359514, 1.5606925, 1.9827292, 1.5606925, 0.71661866, -0.12745517, 0.29458177, -0.5494921, -0.6216311, -1.120266, -1.120266, -1.120266, -1.120266, -0.47204065, -0.6216311, 0.37563872, -0.37231362, -1.3695835, -0.12299609, -1.120266, -0.12299609, -0.6216311, -1.120266, -0.6216311, -0.6216311, -1.120266, -1.120266, -0.6216311, -0.6216311, -0.6216311, -1.120266, -0.12299609, -0.6216311, 0.37563872, 0.87427366, -0.12299609, -0.6216311, -0.6216311, 2.3701782, 0.37563872, 1.3729087, 0.37563872, 0.37563872, 0.87427366, -0.12299609, -0.12299609, -0.6216311, 0.37563872, -0.6216311, -1.120266, -0.12299609, -0.6216311, -0.12299609, 1.8715435, 0.37563872, 0.37563872, 1.3729087, 0.37563872, 1.8715435, 1.3729087, 0.87427366, 1.6222261, 1.8715435, 0.37563872, 1.8715435, 0.87427366, -0.12299609, 0.37563872, -0.9007978, -1.3323178, -1.3323178, -1.2244378, -1.2244378, 0.17800236, 0.17800236, -1.1165578, -0.36139774, -0.36139774, -0.36139774, -0.25351763, 0.71740234, -0.68503773, 0.71740234, -0.36139774, 1.2568024, -0.9007978, -0.9007978, 0.17800236, -1.2244378, -0.9007978, -0.7929177, 0.17800236, -1.3323178, -0.36139774, 0.60952246, -0.36139774, -0.36139774, 0.17800236, 0.71740234, 0.71740234, 1.0410424, -0.9007978, 0.71740234, 0.71740234, -0.36139774, 0.17800236, -0.46927774, 0.60952246, -0.36139774, -1.1165578, -0.36139774, -0.9007978, -0.36139774, 0.93316257, 0.17800236, -0.9007978, 0.71740234, 0.17800236, 1.7962025, 1.7962025, 1.7962025, 0.93316257, 1.2568024, 0.71740234, 1.7962025, 1.7962025, -0.5771577, 0.17800236, 
-0.81098133, -0.7316754, -0.41445178, -0.81098133, -0.7316754, -0.6788048, -0.28227526, -0.62593424, 1.1716664, -0.784546, -0.5466283, -0.15009874, 1.1716664, 0.114254296, 0.114254296, -0.6788048, -0.41445178, -0.7316754, -0.83741665, -0.5466283, -0.86385196, -0.5466283, -0.5466283, 0.114254296, -0.86385196, 2.2290785, -0.28227526, -0.6788048, 0.64296037, 0.64296037, -0.41445178, 0.9073134, NaN, -0.28227526, -0.15009874, -0.5466283, -0.017922223, -0.6788048, -0.41445178, 0.37860733, -0.5466283, -0.5466283, -0.7316754, -0.81098133, 0.37860733, 1.1716664, 0.114254296, 0.114254296, 2.4934316, 2.2290785, 1.7003725, -0.15009874, 0.64296037, 1.1716664, 1.1716664, -0.41445178, -0.41445178, 0.9073134, 0.64296037, -0.5466283, -0.78795564, -0.79894346, NaN, -0.72202885, -0.76598006, -0.61215085, -0.1726389, -0.39239487, 0.7063851, -0.39239487, -0.1726389, -0.39239487, 0.26687306, -0.1726389, -0.50227284, -0.61215085, -0.61215085, -0.78795564, -0.72202885, 0.48662907, -0.72202885, -0.39239487, -0.72202885, -0.50227284, -0.72202885, 0.9261411, 0.48662907, -0.1726389, -0.39239487, 0.26687306, 2.4644332, 0.9261411, 0.26687306, 0.9261411, -0.39239487, -0.1726389, -0.1726389, -0.72202885, -0.39239487, 0.26687306, -0.61215085, -0.50227284, -0.50227284, -0.61215085, 0.26687306, 0.26687306, 0.7063851, 0.9261411, 1.365653, -0.39239487, 2.4644332, 1.805165, -0.2825169, -0.1726389, -0.39239487, 0.7063851, 0.7063851, 0.7063851, 0.26687306, -0.61215085, -0.9383259, -1.035019, -0.9141526, -0.9141526, -0.74493974, -0.6240734, -0.38234067, -0.38234067, 0.5845902, -0.6240734, -0.503207, -0.6240734, -0.38234067, -0.14060795, -0.2614743, -0.8658061, -0.503207, -0.9383259, -0.8658061, -0.9141526, -0.38234067, -0.503207, -0.503207, -0.74493974, -0.9141526, 0.5845902, -0.2614743, 0.10112476, 0.10112476, -0.14060795, 1.0680557, 1.3097883, 1.0680557, -0.14060795, 1.0680557, -0.2614743, -0.6240734, -0.6240734, -0.503207, -0.6240734, -0.74493974, -0.38234067, 0.34285748, -0.503207, 0.10112476, 1.5515212, 0.10112476, 2.5184522, 1.3097883, 3.7271156, 2.276719, 0.5845902, 0.7054566, 1.7932538, 1.7932538, -0.14060795, -0.503207, -0.6240734, -0.6240734, -0.38234067, -0.38549662, -0.17290664, -0.9169717, 0.039683342, -0.59808666, 0.039683342, -0.17290664, 0.25227344, -0.38549662, -0.17290664, 0.6774534, 0.039683342, -0.38549662, -0.59808666, 0.039683342, -1.0232667, -0.17290664, -0.17290664, -0.9169717, -0.8106767, -0.38549662, -0.38549662, -0.59808666, -0.59808666, -0.38549662, 0.039683342, 0.039683342, -0.17290664, 0.039683342, 3.2285333, 2.1655836, 0.46486342, 1.5278136, 1.1026334, 0.6774534, -0.70438164, 0.8900434, 0.46486342, -0.38549662, -0.59808666, -0.59808666, -0.95948964, 0.039683342, -0.38549662, 0.039683342, 0.039683342, 0.46486342, 1.1026334, -0.17290664, -0.17290664, 1.1026334, 2.1655836, -0.59808666, 0.039683342, -0.38549662, -0.59808666, -0.38549662, -0.38549662, -0.59808666, -0.38549662, 
-0.84802896, -0.84802896, -0.9781613, -0.6528305, -0.3274997, 1.624485, -0.6528305, -0.39256585, -0.3274997, -0.19736731, -0.39256585, -0.52269816, 0.062897265, -0.58776426, -0.0021688342, -0.84802896, -0.9130951, -0.58776426, -0.71789664, -0.19736731, -0.3274997, -0.9130951, -0.19736731, -0.19736731, -0.7829628, -0.19736731, 0.9738236, 2.9258084, -0.19736731, 0.3231619, -0.39256585, 0.19302958, 0.64849275, 0.062897265, -0.58776426, -0.3274997, -0.6528305, -0.457632, -0.457632, -0.6528305, 0.51836044, -0.19736731, 0.3231619, 0.45329422, -0.0021688342, 0.3231619, 1.2991543, 0.3231619, 1.2991543, 0.9738236, 0.9738236, 2.2751467, 1.2991543, 0.9738236, -0.0021688342, -0.71789664, -0.19736731, -0.19736731, -0.19736731, -0.0021688342, -1.2987355, -1.2987355, -1.2987355, -1.2119603, -1.1251851, -1.2987355, 0.0028924942, -1.2987355, -1.1251851, -0.9516347, -0.86485946, 0.43676853, 0.43676853, -0.6045339, 0.43676853, 3.0400243, 3.0400243, 1.3045205, 1.3045205, 0.26321816, -1.03841, -1.2987355, -1.1251851, -1.1251851, -1.2987355, -0.86485946, -0.6045339, -0.43098348, -1.2987355, 0.0028924942, 0.34999335, -0.6045339, 1.3045205, -0.25743306, -0.43098348, 2.1722727, 1.3045205, 1.3045205, 2.1722727, -0.25743306, -0.86485946, -1.2987355, -1.2119603, -1.1251851, -0.43098348, -0.43098348, -0.9516347, -0.7780843, -0.86485946, 0.43676853, 0.87064445, 1.6516215, 1.3045205, -0.43098348, 1.3045205, 2.1722727, 0.43676853, 1.3045205, 1.7383965, 1.3045205, -0.597178, -0.6058579, -0.6058579, -0.51905876, -0.43225962, -0.0850631, -0.58849806, 0.08853519, -0.0850631, 1.1301248, -0.6058579, -0.6058579, -0.3454605, 0.9565266, -0.51905876, -0.6058579, -0.6058579, -0.6058579, 0.69612914, -0.6058579, -0.17186224, -0.51905876, -0.17186224, -0.25866136, -0.51905876, 0.08853519, 0.08853519, 0.08853519, 0.17533433, 0.0017360449, -0.6058579, -0.6058579, -0.43225962, -0.6058579, 2.8661075, -0.6058579, -0.6058579, 0.26213342, 0.17533433, 1.1301248, -0.43225962, -0.51905876, 0.4357317, -0.0850631, 0.26213342, 0.4357317, -0.3454605, -0.25866136, -0.3454605, 3.734099, -0.6058579, 0.4357317, 0.26213342, 0.17533433, 1.5641205, -0.56245834, -0.3454605, 0.0017360449, -0.43225962, 1.9981163, 0.14282674, -0.044282794, -0.23139226, -0.6056113, 0.14282674, 0.5170458, 0.06798297, -0.6056113, 0.14282674, -0.23139226, -0.23139226, -0.6056113, 1.2654839, 0.14282674, -0.4185018, -0.23139226, -0.4185018, 1.2654839, -0.23139226, -0.7927208, 0.89126474, -0.23139226, 0.5170458, 0.14282674, -0.9798303, 0.14282674, 1.2654839, -0.9798303, -0.6056113, -0.7552989, 1.2654839, 0.5170458, 0.14282674, -0.6056113, -0.4185018, 0.89126474, 0.5170458, -0.5307675, 0.89126474, -0.9798303, 0.14282674, -0.6056113, -0.044282794, -0.6056113, -0.4185018, -0.6056113, 1.6397028, -0.6056113, -0.4185018, -0.23139226, 0.5170458, 2.7623599, 0.5170458, -0.5307675, -0.9798303, 0.14282674, -0.3062361, 0.14282674, -0.044282794, -0.6056113, 
-1.190387, -0.65457916, -0.65457916, -1.4582909, -0.9224831, -0.65457916, -0.118771076, 0.41703677, -0.38667512, -0.65457916, -0.118771076, 0.6849408, 0.14913273, -0.9224831, -1.4582909, -0.118771076, 0.41703677, -0.65457916, -0.9224831, -0.65457916, -0.65457916, -0.65457916, -1.190387, -0.38667512, -1.726195, 0.6849408, 0.6849408, 0.9528446, 1.2207487, 0.41703677, 0.6849408, 0.41703677, 0.14913273, -0.118771076, -0.65457916, 0.9528446, 0.14913273, -0.118771076, -0.65457916, -1.190387, 1.381491, 0.41703677, -0.118771076, -0.9224831, -1.190387, 3.0960763, 2.0244606, 1.4886525, 0.14913273, -0.118771076, 0.9528446, 1.4886525, 0.6849408, 0.9528446, -0.65457916, 1.4886525, 0.9528446, -0.118771076, -0.38667512, -0.65457916, -1.1016862, 0.34052062, -0.6209506, -1.3420539, -1.1016862, 0.34052062, -0.14021504, 0.34052062, -1.1016862, -0.6209506, 0.82125616, -0.14021504, -0.6209506, -0.86131835, -0.6209506, -0.6209506, 0.34052062, -0.6209506, -1.1016862, -1.1016862, -0.14021504, -1.5824218, -0.14021504, -0.6209506, -1.5824218, 2.7441986, 1.3019917, 0.34052062, -0.14021504, -0.14021504, 0.34052062, 0.34052062, -0.14021504, -0.3805828, -0.6209506, 1.3019917, 1.3019917, -0.6209506, -0.6209506, -0.6209506, 2.2634628, 0.34052062, -0.14021504, -0.6209506, -1.1016862, 1.7827272, 2.2634628, 1.3019917, -0.14021504, -0.14021504, 1.7827272, 1.3019917, 0.34052062, -0.14021504, -0.6209506, 1.3019917, -0.14021504, 0.34052062, -1.1016862, 0.34052062, -0.4022379, -0.4022379, -0.86193836, -0.86193836, -1.0917885, -0.4022379, -0.4022379, -0.86193836, -0.17238772, 0.057462454, -0.86193836, -0.4022379, 0.057462454, -0.6320882, 0.057462454, -0.6320882, -1.0917885, -0.6320882, -0.4022379, -1.3216388, 0.057462454, -0.6320882, -1.3216388, 0.057462454, -0.4022379, 1.8962641, 0.057462454, 0.9768634, 1.2067134, 0.5171628, -0.86193836, -0.4022379, 1.666414, 0.057462454, 0.5171628, -0.86193836, -0.4022379, -1.0917885, -0.86193836, 0.057462454, 1.4365637, -0.6320882, -0.4022379, 0.057462454, -0.4022379, 0.9768634, 0.9768634, 1.4365637, 1.4365637, 1.8962641, 0.5171628, -0.4022379, 0.5171628, 1.2067134, 1.8962641, 1.2067134, 0.5171628, -0.86193836, 0.057462454, -0.4022379, -1.0957651, -1.474704, -1.0957651, -1.474704, -1.474704, 1.9357469, -0.7168261, -0.33788705, -0.7168261, -1.474704, 1.1778688, 0.41999078, 0.041051865, 0.041051865, -0.33788705, -0.33788705, 0.041051865, 0.7989299, 0.41999078, -1.0957651, 0.41999078, -1.474704, -1.0957651, -0.7168261, -1.0957651, 0.7989299, -0.33788705, 1.5568078, -0.33788705, 0.041051865, 1.1778688, 0.41999078, 0.41999078, -0.7168261, 0.041051865, 2.3146856, 1.1778688, 1.1778688, 0.41999078, -0.7168261, -0.33788705, -0.33788705, 0.041051865, -0.33788705, -1.0957651, -1.0957651, 0.041051865, 1.5568078, 0.041051865, 0.23052144, 0.41999078, 2.1252162, 0.41999078, 0.041051865, 0.41999078, 0.7989299, 0.041051865, 0.7989299, 0.23052144, -0.7168261, 
-1.4081868, -1.4081868, -0.5451515, -1.8397045, -0.11363363, -0.11363363, -0.11363363, 0.14527702, -0.11363363, -0.7177584, -0.9766691, -0.7177584, -0.45884776, -0.63145494, 0.49049115, -0.9766691, -0.8903656, -0.5451515, -1.4081868, -0.7177584, -0.63145494, -0.5451515, -0.3725443, -0.19993734, -0.63145494, 0.92200875, -0.02733016, -0.11363363, 0.6630981, 0.8357053, 0.8357053, -0.11363363, 0.8357053, 0.8357053, -0.45884776, -1.3218832, -0.7177584, -0.9766691, 0.14527702, -0.11363363, 0.7494018, -0.9766691, 0.49049115, 1.1809194, 0.14527702, 1.1809194, 1.3535264, 1.612437, 1.4398301, 0.49049115, 1.1809194, 0.6630981, 1.0083125, 0.8357053, 1.1809194, 0.6630981, 0.49049115, 0.31788397, 0.14527702, 0.058973312, -0.49976707, -0.29007483, -0.49976707, -1.3385358, -0.49976707, -0.60461307, -0.080382586, 0.23415565, -0.080382586, 0.12930942, -0.18522882, 0.12930942, -0.70945907, -0.49976707, -0.29007483, -0.49976707, -1.1288435, -0.49976707, -0.9191513, -0.9191513, -0.18522882, -0.39492083, -1.1288435, -0.29007483, -0.080382586, 2.1213853, 0.4438479, 0.12930942, 0.23415565, 0.5486939, -0.49976707, -0.080382586, 2.0165393, 0.23415565, -0.080382586, -0.8143053, -0.9191513, -0.49976707, -0.9191513, 0.23415565, 0.5486939, -0.080382586, 0.33900166, 1.8068469, -0.39492083, -0.70945907, 0.7583859, 0.23415565, 2.1213853, 0.9680784, -0.29007483, 0.9680784, 0.23415565, 0.33900166, 0.7583859, -0.080382586, 0.7583859, 0.23415565, 0.23415565, 0.23415565, -1.5854939, -0.407418, -0.9964559, -0.21107197, -0.407418, 0.8688309, 0.27979302, -0.5055909, 0.37796617, 0.574312, -0.9964559, -0.407418, -0.60376406, -1.2909749, -0.407418, -0.60376406, -0.407418, -0.9964559, -0.407418, -0.60376406, -0.30924487, 0.08344698, -0.898283, -0.21107197, -0.80010986, 0.96700406, 0.77065825, 0.37796617, 0.27979302, -0.407418, 0.96700406, 0.08344698, 0.77065825, 0.37796617, -1.192802, -0.21107197, 0.574312, 0.37796617, -0.9964559, -1.5854939, 0.574312, -0.9964559, 0.574312, 0.574312, 0.96700406, 0.96700406, 0.96700406, 0.96700406, 1.556042, 1.7523882, 1.556042, 0.27979302, 0.08344698, 1.0651772, 0.27979302, -0.014725924, 0.574312, -0.407418, -0.9964559, -0.60376406, -0.1427989, -0.1427989, -1.5707834, -1.1423881, -1.2851865, 0.14279795, -0.28559732, -0.71399283, -0.42839575, -0.1427989, 0.71399164, -0.5711942, -0.9995897, 0.4283948, 0.28559637, 0.14279795, -1.2851865, -0.42839575, -1.1423881, -0.9995897, -1.2851865, -1.5707834, -0.1427989, -0.71399283, -0.1427989, 0.85679007, -0.1427989, -0.1427989, -0.1427989, 0.85679007, 0.85679007, 0.71399164, 0.14279795, 0.5711932, 0.5711932, -1.2851865, -0.5711942, -1.1423881, -0.71399283, -1.2851865, 1.1423874, 0.5711932, 0.5711932, 0.14279795, 0.28559637, 2.2847748, 2.2847748, 0.85679007, 0.85679007, 1.2851858, 0.14279795, 0.71399164, 1.2851858, 0.71399164, 0.71399164, -0.1427989, 0.14279795, 0.71399164, -0.1427989, -0.1427989, 
-1.0188563, -1.0188563, -1.0188563, -1.0188563, -1.0188563, -0.5943327, -1.0188563, -0.1698091, -0.1698091, -0.1698091, -0.1698091, -1.0188563, -0.5943327, 0.2547145, 0.2547145, -0.1698091, -1.0188563, -0.5943327, -1.0188563, -1.0188563, -0.5943327, -0.5943327, -1.0188563, -1.0188563, -0.5943327, 0.6792381, 0.6792381, 0.6792381, 2.801856, 0.2547145, 0.6792381, -0.1698091, 0.2547145, 0.2547145, -0.1698091, 0.2547145, -0.1698091, -0.5943327, -0.5943327, 0.2547145, 0.2547145, 0.2547145, -0.5943327, 0.2547145, 0.2547145, 2.3773324, 1.9528089, 0.2547145, 0.6792381, 1.1037617, 1.1037617, 0.6792381, 1.5282853, 1.9528089, 1.5282853, -0.5943327, -0.1698091, -0.5943327, -0.5943327, -0.5943327, -0.36617863, -1.1880262, -0.914077, -0.36617863, -0.6401278, -0.09222937, -0.09222937, -0.6401278, -0.914077, -0.09222937, 0.18171978, -0.914077, -0.6401278, -0.36617863, -0.09222937, 1.5514657, -0.914077, 2.6472623, -0.6401278, 0.45566893, -0.6401278, -1.1880262, -0.6401278, -0.6401278, -1.4071856, 0.18171978, -0.6401278, 1.0035672, 1.2775166, -0.6401278, 0.18171978, -0.09222937, 1.0035672, 0.18171978, -0.09222937, 0.18171978, 0.45566893, 1.0035672, 0.7296181, -0.36617863, -0.6401278, -0.36617863, -0.36617863, -0.6401278, -0.09222937, 1.0035672, -0.09222937, -0.09222937, -0.36617863, 0.7296181, 0.18171978, -0.09222937, 0.45566893, 1.2775166, -0.09222937, 0.7296181, 0.45566893, 0.45566893, -0.6401278, 2.3733132, -1.0648936, -0.7223005, -0.7223005, -1.0648936, -0.7223005, -0.37970734, -0.037114143, 0.648072, 0.30547905, 0.648072, -1.4074868, 0.648072, -0.37970734, -0.037114143, 0.648072, -0.37970734, 0.648072, -0.7223005, -0.37970734, 0.30547905, -0.7223005, 0.30547905, -0.037114143, -0.037114143, -0.037114143, -1.4074868, -0.37970734, 0.9906652, 1.3332584, -0.37970734, -1.0648936, -0.20841074, 0.30547905, -0.037114143, -0.037114143, 0.648072, -1.0648936, 0.30547905, -0.037114143, -0.037114143, -0.7223005, -0.037114143, -0.037114143, 0.648072, -0.037114143, -1.4074868, -1.4074868, 0.648072, 0.30547905, 1.6758516, -1.4074868, 1.3332584, 1.6758516, 1.3332584, 0.30547905, -1.0648936, 0.30547905, 0.9906652, 0.9906652, 1.6758516, -0.9456881, -0.9456881, -0.10507643, -0.9456881, -0.9456881, -0.5253823, 1.1558411, 0.31522942, -0.9456881, -0.5253823, 1.1558411, 1.1558411, -0.5253823, -0.10507643, -0.9456881, -0.10507643, 0.73553514, -0.5253823, -0.5253823, -0.10507643, -0.9456881, -0.5253823, 0.31522942, -0.5253823, -0.10507643, 0.31522942, 0.31522942, -0.5253823, 2.8370643, -0.10507643, 0.94568825, -0.10507643, 1.1558411, -0.5253823, -0.10507643, -0.5253823, -0.10507643, -0.9456881, -1.1558411, 0.31522942, -0.5253823, -0.5253823, 0.31522942, -0.5253823, -0.10507643, 0.73553514, 0.73553514, -0.5253823, -0.10507643, -0.10507643, 1.1558411, 0.31522942, 1.1558411, 0.31522942, 0.31522942, 0.31522942, 0.31522942, 0.73553514, -0.10507643, 0.31522942, 
-1.1557971, -1.1312665, -1.2539192, -1.0331444, -1.1557971, 0.43868804, -0.05192268, -0.5425336, 0.9292989, -1.0331444, 0.19338262, -0.29722816, -0.29722816, -0.78783894, -0.05192268, -0.29722816, -0.5425336, -1.0331444, -0.78783894, -0.78783894, -0.5425336, -0.29722816, -0.29722816, -0.78783894, -1.0331444, 0.9292989, 0.43868804, 0.43868804, 0.9292989, -0.05192268, 0.43868804, 0.43868804, 1.4199097, -0.5425336, -0.29722816, -0.5425336, 0.19338262, -0.05192268, -0.29722816, -0.5425336, -0.5425336, 0.68399346, 1.665215, -0.05192268, -0.78783894, 0.43868804, 0.68399346, 0.43868804, 0.68399346, 0.19338262, 3.1370475, 0.43868804, 0.9292989, 1.665215, 0.43868804, 0.19338262, 0.19338262, 0.68399346, 0.43868804, -0.78783894, -1.212884, -0.9335249, -0.9335249, -0.9335249, -1.3525635, -0.9335249, -0.09544778, 0.46327043, -1.212884, -0.65416586, -0.37480676, 0.46327043, 1.3013475, -0.37480676, 0.46327043, 0.18391132, -0.09544778, -0.37480676, 0.46327043, 0.18391132, -0.65416586, -0.37480676, -0.65416586, -0.65416586, -0.9335249, -0.09544778, -0.65416586, 0.7426295, 0.18391132, -0.37480676, 1.8600657, -0.09544778, 1.0219886, -0.37480676, -0.37480676, 0.7426295, 0.7426295, 0.7426295, 0.7426295, 0.46327043, -0.65416586, 0.46327043, -0.65416586, -0.09544778, -0.65416586, 1.5807066, 0.18391132, -0.37480676, 0.18391132, -0.37480676, -0.9335249, 1.8600657, 0.18391132, -0.37480676, 0.18391132, 0.7426295, 2.6981428, 0.18391132, 0.18391132, -0.37480676, -1.2093621, -1.2093621, -1.2093621, -0.52157354, -1.2093621, -0.52157354, 1.1978981, 0.16621506, -0.86546785, 0.16621506, 0.5101094, 0.16621506, -0.86546785, -0.52157354, -0.86546785, -1.2093621, -0.86546785, -0.52157354, -1.2093621, 0.5101094, -1.2093621, -0.86546785, 0.16621506, -0.17767918, -0.17767918, 0.85400367, 0.85400367, 0.5101094, 0.85400367, 0.5101094, -0.17767918, 0.85400367, -0.17767918, -0.17767918, 0.5101094, 0.16621506, 0.85400367, 0.85400367, 0.16621506, 1.1978981, 0.16621506, -0.17767918, -0.52157354, -0.17767918, -0.52157354, 0.16621506, 0.85400367, 1.5417924, 0.5101094, -0.17767918, 2.5734754, 0.85400367, 0.5101094, 0.16621506, 0.16621506, -0.52157354, -0.86546785, 0.16621506, -0.17767918, 0.16621506, -1.1505588, 0.043703794, -0.77056617, -0.77056617, -1.0691319, -1.0419894, -0.49914283, 0.043703794, -0.77056617, -0.49914283, 0.8579737, 0.043703794, -0.49914283, 0.31512713, -0.22771955, -0.22771955, -0.49914283, 0.31512713, -0.49914283, -0.49914283, 0.8579737, -0.77056617, -0.77056617, 0.043703794, -0.22771955, 0.31512713, 0.31512713, -0.22771955, -0.77056617, 0.8579737, 0.043703794, 1.943667, 0.5865505, 0.31512713, -0.22771955, 1.6722437, 0.5865505, -0.49914283, 1.129397, -0.77056617, 0.5865505, NaN, -1.0419894, 0.31512713, 0.8579737, 0.043703794, 0.8579737, 1.6722437, -0.22771955, 0.8579737, 0.31512713, 0.5865505, 0.31512713, -0.77056617, 0.043703794, 0.31512713, -0.49914283, -0.77056617, -0.49914283, 0.043703794, 
-0.22557938, -0.89950997, -1.4611188, -1.5734406, -1.5734406, 0.5045121, 0.39219034, -0.16941845, -1.1241535, -0.8433491, 1.4592471, 0.3360294, -9.3591213E-4, -0.67486644, -0.78718823, 0.22370768, 0.44835114, -0.5063838, -0.22557938, -1.4049579, 0.39219034, -0.11325765, -1.1803144, -1.0118318, -1.2926362, 1.3469253, 1.0099599, 0.78531647, -0.78718823, -1.1241535, 1.515408, -0.11325765, 0.953799, -0.5625447, -0.22557938, 1.6838906, 0.39219034, 1.3469253, -1.1241535, -1.0679927, 0.11138594, 0.953799, 0.11138594, -0.67486644, -0.7310273, 2.1893384, 1.5715687, 0.6729946, -1.1241535, -1.1803144, 0.44835114, 2.0770168, 0.055225015, 1.7962124, -0.89950997, 1.908534, 0.953799, 1.3469253, -0.95567083, -1.3487971, 2.0786035, 0.8465619, 3.1986413, -1.225508, -1.1695061, 1.0705695, 0.8465619, -0.60948724, -0.49748343, -1.0575023, -0.10547018, 0.6225543, -0.49748343, -0.9454986, -0.9454986, 1.5185845, 0.5105505, -0.2734759, -0.8334948, -0.7774929, 0.7345581, 0.6785562, 0.11853731, 0.5105505, -0.8334948, 1.4065807, 0.286543, -0.04946828, -0.16147208, -1.1135042, 0.9585657, 0.39854681, 0.17453921, -0.60948724, -1.0015004, 0.9025638, -0.3854797, -0.6654891, -0.6654891, -0.9454986, 0.7345581, 1.0705695, -1.0575023, -0.6654891, -0.8894967, 0.9585657, -0.04946828, 0.062535405, -0.7774929, -0.8894967, 2.1906073, -0.49748343, -0.7774929, -0.60948724, -1.0575023, 2.9186316, 0.286543, -0.721491, -0.8894967, -0.8334948, -0.39417428, -0.39417428, -1.0296953, -1.0750896, -1.0750896, -0.16720247, -0.8935121, -0.5303573, -0.71193475, -0.8935121, -0.8481178, 1.4216, 0.46831846, -0.48496294, -0.8935121, -0.8027234, 1.1946281, 0.37752974, -0.9389065, -0.12180811, -0.30338556, -0.7573291, -0.16720247, -0.9389065, -0.9389065, 1.0130507, -0.8935121, -0.621146, 0.37752974, -0.8935121, 0.6498959, -0.71193475, -0.8481178, 0.28674102, -0.16720247, 2.1025152, 0.059769273, 0.5591072, 0.014374971, 0.83147335, 0.1959523, 0.1959523, -0.8481178, -0.7573291, -0.16720247, 1.1492337, 0.10516369, 0.6498959, 0.10516369, 1.3308111, 2.0117264, 0.150558, 0.5137129, 0.5591072, -0.71193475, 2.3294868, 0.5137129, 0.7406846, 0.83147335, 0.24134672, -0.19412386, -0.62286437, -1.1945182, -0.8372345, 0.94918406, -0.62286437, 0.16315973, -1.0516047, -0.9086913, -0.4799508, 0.09170306, 0.37752998, -0.62286437, 1.3779243, -0.7657778, 0.37752998, 0.37752998, 1.5208379, -0.4799508, -1.1945182, 0.23461664, -0.4799508, -0.7657778, -0.33703732, -1.0516047, 0.23461664, 0.09170306, -0.4799508, -0.4084941, -1.3374317, 0.94918406, -1.1945182, 0.23461664, 0.52044356, -0.9086913, 0.94918406, 0.16315973, 1.3064677, 0.09170306, -0.26558065, 0.5919002, 0.09170306, -1.3374317, -0.62286437, -1.3374317, -0.122667074, 0.23461664, 0.52044356, 1.3064677, -0.19412386, 0.94918406, 0.52044356, 1.3064677, 0.23461664, 0.6633569, 1.3779243, 0.5919002, 1.0920974, 0.23461664, 0.09170306, 
-0.9035123, -0.9035123, -0.9035123, -0.9035123, -0.9035123, -0.32526433, 0.10842162, -0.7589503, -0.9035123, -0.7589503, -0.036140382, 0.25298363, -0.61438835, -0.61438835, -0.7589503, -0.9035123, -0.18070233, -0.7589503, -0.7589503, -0.9035123, -0.61438835, -0.9035123, -0.9035123, -0.7589503, -0.32526433, 0.54210764, 0.54210764, 0.83123153, -0.9035123, 0.54210764, 0.25298363, -0.32526433, -0.036140382, -0.61438835, 0.54210764, 0.54210764, -0.18070233, -0.61438835, -0.32526433, -0.61438835, -0.7589503, -0.61438835, -0.036140382, -0.32526433, 0.83123153, 1.6986036, 1.1203556, 1.6986036, 0.83123153, 0.83123153, 1.9877276, 1.1203556, 1.9877276, 2.2768517, 1.4094796, 0.25298363, 1.2649176, 0.97579354, -0.18070233, -0.61438835, -1.0835497, -1.0835497, -1.0835497, -1.0835497, -1.0835497, -0.60813487, -0.3704275, -0.8458423, 0.34269476, -0.8458423, -0.8458423, 1.0558169, 0.34269476, -0.3704275, -0.3704275, -1.0835497, 1.2935245, 0.81810963, -0.13272005, -0.96469605, -0.8458423, -0.13272005, -0.96469605, -0.96469605, -0.96469605, 1.0558169, -0.3704275, -0.7269886, -0.8458423, 0.10498738, 0.10498738, 1.2935245, 0.10498738, -0.8458423, -1.0835497, 0.34269476, 1.2935245, 1.2935245, 0.10498738, -0.13272005, -0.13272005, -0.60813487, -0.13272005, -0.013866425, 0.10498738, 1.7689393, 1.5312319, 0.58040214, 0.10498738, -0.2515738, 1.7689393, 0.81810963, 1.7689393, -0.13272005, 0.34269476, 1.5312319, 1.2935245, 0.58040214, -0.60813487, -0.13272005, -0.83719283, -0.83719283, -0.44930422, -0.83719283, -0.83719283, 0.32647294, 0.32647294, -0.061415613, -0.64324856, -0.74022067, -0.74022067, 1.3931668, -0.83719283, -0.44930422, 1.1022501, -0.83719283, -0.25535995, -0.83719283, -0.25535995, -0.83719283, -0.64324856, -0.64324856, -0.74022067, -0.83719283, -0.44930422, 1.4901388, -0.25535995, -0.74022067, 1.1022501, 0.13252866, -0.83719283, 0.5204173, 0.7143616, -0.74022067, -0.83719283, 0.7143616, -0.64324856, 0.13252866, -0.061415613, 1.1022501, -0.64324856, -0.061415613, -0.44930422, 0.13252866, 0.32647294, 1.1022501, 1.2961946, 1.2961946, 0.5204173, -0.061415613, 0.5204173, 0.9083058, -0.061415613, 1.1022501, 1.4901388, 1.1022501, -0.44930422, 0.32647294, -0.83719283, 1.1022501, -1.1128775, -1.1128775, -1.1128775, -1.1128775, -1.1128775, -0.3654225, -0.11627084, -0.98830163, 0.8803358, -0.86372584, -1.1128775, 0.3820325, -0.86372584, -0.98830163, 0.008304954, -0.98830163, 1.0049115, -0.98830163, -0.11627084, -0.86372584, -0.6145742, -1.1128775, -0.98830163, -0.86372584, -1.1128775, 0.6311841, 0.1328808, -0.11627084, 0.6311841, 0.1328808, -0.3654225, 0.6311841, 0.3820325, -0.73915, -0.86372584, 0.3820325, -0.86372584, 1.2540632, 0.6311841, -0.3654225, -0.11627084, -0.3654225, 0.1328808, -0.11627084, 0.75575995, 1.6277908, 0.8803358, 1.7523667, 0.6311841, 0.25745666, 1.1294874, 1.503215, 0.6311841, 1.1294874, 0.8803358, 1.3786391, 0.50660837, 1.1294874, -0.3654225, 1.3786391, 
-1.0456247, -1.0456247, -1.3458041, -1.6459835, -1.3458041, -0.14508665, -1.0456247, -1.0456247, 0.75545144, -0.14508665, 0.15509272, -0.445266, -0.445266, -0.14508665, -0.7454454, -0.7454454, -0.14508665, -1.0456247, -0.7454454, -1.0456247, -1.0456247, 0.15509272, -0.7454454, -0.445266, -0.14508665, 0.75545144, 1.3558102, 1.3558102, 0.4552722, 1.0556309, 0.75545144, 0.15509272, 0.15509272, 1.3558102, -0.445266, -1.0456247, -0.14508665, -0.14508665, 0.15509272, -0.445266, 1.0556309, 1.0556309, 0.4552722, -0.445266, -1.0456247, 1.6559896, 1.6559896, 0.75545144, 0.75545144, 1.0556309, 0.4552722, 0.4552722, 0.75545144, 1.6559896, 0.75545144, -0.445266, -0.14508665, 1.0556309, -0.445266, -0.7454454, -0.82730263, -1.1227679, -1.1227679, -0.9750353, -0.82730263, -0.67956996, -0.5318373, -0.236372, 0.3545587, 0.20682609, -0.236372, 0.50229144, -0.08863926, -0.67956996, -0.5318373, -0.67956996, -0.08863926, -0.67956996, -0.82730263, -0.5318373, -0.9750353, -0.9750353, -0.08863926, -0.08863926, 0.20682609, 0.059093356, 1.2409549, 1.5364201, -0.236372, 1.3886874, 0.059093356, 0.9454894, 0.20682609, 0.9454894, -1.1227679, -0.9750353, -0.08863926, -0.5318373, -0.08863926, 0.50229144, 1.2409549, 0.9454894, -0.82730263, -0.08863926, -1.1227679, 1.6841528, 0.20682609, 0.7977567, 1.6841528, 0.9454894, 0.3545587, 1.2409549, 0.20682609, -0.5318373, 0.50229144, 0.3545587, 0.20682609, 0.20682609, 0.20682609, -0.5318373, -0.938017, -0.79480827, -1.0812256, -0.078764796, -1.2244344, -0.22197354, -0.22197354, 0.92369604, 0.7804873, -0.078764796, -1.0812256, -1.0812256, 0.49406993, 0.7804873, 0.20765257, -0.938017, -1.2244344, -0.22197354, -0.6515996, 0.92369604, 0.20765257, -0.6515996, -0.5083909, 0.6372787, 0.20765257, 0.92369604, 1.4965308, 0.3508613, -0.22197354, 0.49406993, -1.2244344, -0.22197354, -0.5083909, 0.92369604, 0.20765257, -0.79480827, 0.6372787, -0.078764796, 0.6372787, -1.0812256, 1.2101135, -0.22197354, -0.078764796, 0.20765257, 0.49406993, 1.2101135, -0.6515996, -0.078764796, 0.92369604, 1.0669048, -0.5083909, 0.20765257, 0.92369604, -0.22197354, 0.92369604, -0.6515996, -1.0812256, -0.938017, 0.7804873, 0.7804873, -0.90139943, -0.47554135, -0.049683213, -0.049683213, -0.47554135, 1.2278911, -0.049683213, -0.47554135, -0.90139943, 0.8020328, -0.47554135, -0.47554135, -0.90139943, -0.90139943, -0.90139943, -0.90139943, -0.049683213, -0.90139943, -0.90139943, -0.049683213, -0.47554135, -0.47554135, -0.47554135, -0.049683213, 0.8020328, -0.049683213, -0.47554135, 1.6537491, 0.3761748, 1.2278911, -0.049683213, 0.3761748, -0.90139943, 0.8020328, -0.049683213, -0.47554135, -0.90139943, -0.90139943, -0.90139943, -0.47554135, -0.049683213, -0.049683213, 0.8020328, -0.049683213, 0.3761748, 1.6537491, 1.6537491, 1.2278911, 0.8020328, 0.3761748, 0.3761748, 1.6537491, -0.049683213, 1.2278911, -0.049683213, 0.3761748, -0.90139943, 0.3761748, -0.47554135, -0.049683213, 
0.3049109, -0.47838503, -0.79170346, 0.14825177, -0.94836265, -0.79170346, -0.94836265, -0.47838503, -0.16506666, -0.008407474, -0.94836265, 0.7748885, -0.6350442, 0.46157014, -0.47838503, 0.14825177, -0.47838503, -0.47838503, 0.46157014, -0.47838503, -1.1018887, -0.94836265, 0.7748885, -0.79170346, -0.47838503, 0.61822927, -0.47838503, 0.7748885, 1.7148436, -0.16506666, -0.32172585, 0.7748885, 0.46157014, -0.008407474, 0.46157014, 0.46157014, -0.32172585, -0.6350442, -1.0736899, 0.14825177, 0.7748885, -0.6350442, 1.0882069, -0.79170346, -0.32172585, 1.0882069, 0.7748885, 1.4015254, 0.14825177, -0.32172585, 1.4015254, -0.16506666, 0.3049109, 1.0882069, 0.14825177, 1.0882069, -0.16506666, 0.14825177, -0.79170346, -0.32172585, 0.04265201, -0.4071356, -1.5316048, -1.5316048, -0.8569233, -0.4071356, 0.04265201, 0.04265201, 0.04265201, 0.71733356, 0.49243975, 0.26754594, 0.49243975, -0.8569233, -0.4071356, 0.49243975, 0.04265201, -1.0818172, 0.04265201, 0.04265201, 0.04265201, 0.04265201, 0.04265201, -0.8569233, -0.8569233, 1.392015, -0.6320294, 0.71733356, 0.94222736, 0.94222736, 1.392015, 0.94222736, -0.4071356, -0.6320294, -1.0818172, NaN, 0.04265201, -1.306711, 0.04265201, -0.4071356, -0.8569233, 0.26754594, -0.1822418, 0.04265201, 1.8418026, 1.392015, NaN, 0.26754594, 0.49243975, 0.94222736, 0.04265201, -0.1822418, 1.392015, -0.1822418, -0.4071356, 0.26754594, 0.04265201, 0.49243975, -0.8569233, -0.8569233, -0.9090766, -0.9090766, 0.09579766, -0.7081017, -1.2306362, 0.69872224, -0.50712687, 0.4977473, -0.9090766, -0.7081017, 0.29677248, -0.50712687, -0.7081017, -1.1100514, 0.69872224, -0.9090766, -0.50712687, -0.306152, -0.50712687, -0.105177164, -0.105177164, -0.105177164, -0.306152, 0.29677248, -0.9090766, 0.4977473, 0.69872224, 0.29677248, 0.4977473, -0.50712687, -0.306152, 0.29677248, -0.7081017, -0.50712687, -0.306152, 0.09579766, -0.7081017, -0.50712687, 1.1006719, -0.7081017, -0.7081017, 0.69872224, -0.50712687, 1.1006719, 0.69872224, 0.4977473, 1.5026215, -0.105177164, 1.5026215, 1.5026215, 1.5026215, 1.3016466, 0.69872224, 0.89969695, 1.1006719, -0.50712687, 0.69872224, -0.105177164, -1.1100514, -0.50712687, -0.2588023, -0.8862023, -0.8862023, -0.2588023, -0.8862023, -0.101952314, -0.2588023, 0.6822977, -0.57250226, -0.57250226, -0.41565228, 0.5254477, 0.5254477, -0.41565228, 0.054897785, -0.57250226, 0.054897785, -0.8862023, -1.0430523, 0.36859775, 0.6822977, -0.2588023, -0.8862023, 0.99599767, -0.57250226, 0.36859775, 0.054897785, -1.1999023, -0.41565228, -0.57250226, 1.3096979, 0.6822977, 0.6822977, -0.41565228, -0.57250226, 0.054897785, -0.8862023, 0.36859775, 0.36859775, -0.7293523, 0.5254477, 0.8391478, 0.21174777, 0.21174777, 0.21174777, 0.8391478, 1.6233978, 0.99599767, 0.6822977, 1.3096979, 0.21174777, -0.57250226, 0.36859775, 1.3096979, -0.57250226, -0.7293523, 0.054897785, -1.0430523, -0.57250226, 0.8391478, 
-0.92038786, -0.92038786, -1.3805819, -0.92038786, -0.92038786, -0.46019387, 2.7611637, 1.1920929E-7, -0.92038786, 1.1920929E-7, -0.46019387, -0.92038786, -0.92038786, -0.46019387, 1.1920929E-7, -0.92038786, -0.46019387, -0.92038786, -0.92038786, -0.92038786, -0.46019387, -0.46019387, -0.92038786, 1.1920929E-7, -1.3805819, 1.1920929E-7, -0.46019387, 0.9203881, -0.46019387, 1.1920929E-7, 1.380582, 0.9203881, 1.1920929E-7, 0.9203881, 0.9203881, -0.46019387, -0.46019387, 1.1920929E-7, 1.1920929E-7, 0.9203881, -0.92038786, 1.1920929E-7, 1.1920929E-7, -0.92038786, 0.460194, 0.9203881, 1.8407761, 0.9203881, 0.9203881, 0.9203881, 0.9203881, 0.9203881, 0.9203881, 0.9203881, 0.9203881, 0.460194, 1.1920929E-7, 0.460194, -0.92038786, 0.9203881, 1.2242775, 1.2242775, 1.2242775, 0.5199952, 1.2242775, 0.5199952, -0.88856936, 0.5199952, -0.5364282, -0.18428707, 0.5199952, 1.2242775, 0.16785407, -0.18428707, -0.88856936, 0.16785407, 1.2242775, 1.2242775, 0.5199952, 0.5199952, 0.16785407, -0.18428707, 0.16785407, 0.5199952, 0.5199952, -0.5364282, -0.18428707, -0.18428707, 0.16785407, -0.18428707, -0.18428707, -0.88856936, -0.18428707, 0.5199952, 1.2242775, -0.18428707, 0.5199952, 0.87213635, -0.88856936, -0.18428707, -1.2407105, -0.18428707, -0.18428707, 0.16785407, 0.16785407, -0.88856936, -1.2407105, -0.18428707, -0.88856936, -0.88856936, -0.88856936, -0.88856936, -0.5364282, -0.88856936, -0.88856936, -0.88856936, 0.5199952, -1.4519951, 0.5199952, 0.5199952, -0.73915434, -0.73915434, -0.73915434, -1.5199512, -0.73915434, -0.73915434, -0.73915434, -0.34875596, 0.82243943, 1.2128377, -0.73915434, -1.5199512, 0.041642427, -0.34875596, 0.82243943, -0.73915434, -1.5199512, -1.5199512, 0.82243943, 1.6032362, -0.34875596, -0.34875596, -0.73915434, -0.73915434, 0.041642427, 0.041642427, 0.041642427, 0.82243943, 0.82243943, 1.6032362, 0.041642427, -2.066509, 0.82243943, 0.82243943, 0.82243943, -0.73915434, -0.73915434, -1.5199512, 0.82243943, -0.73915434, -0.73915434, -0.34875596, 0.82243943, 0.041642427, 1.6032362, 0.82243943, 0.43204093, 1.6032362, 0.82243943, 1.9936345, 0.041642427, -1.1295528, 0.041642427, 0.82243943, 1.6032362, 0.041642427, 0.041642427, -0.73915434, 0.041642427, 0.82243943, -0.4615873, 0.08145654, -0.8960224, -0.8960224, -0.8960224, -0.4615873, 0.08145654, 2.253632, 0.08145654, -0.8960224, -0.4615873, -0.4615873, -0.24436975, 0.6245004, -0.4615873, 0.08145654, -0.4615873, -0.8960224, -0.8960224, -0.8960224, 0.6245004, -0.4615873, -0.4615873, 2.253632, -0.4615873, 0.08145654, -0.24436975, 0.6245004, 0.08145654, -0.4615873, 0.08145654, 0.6245004, 0.08145654, -0.4615873, -0.24436975, 0.08145654, -0.24436975, -0.4615873, -0.4615873, 1.1675442, -0.24436975, 0.08145654, 0.08145654, -0.4615873, -0.8960224, 1.1675442, 1.1675442, 0.6245004, 1.1675442, -0.4615873, 0.6245004, 0.6245004, 0.08145654, 0.08145654, 1.1675442, -0.4615873, 0.6245004, -0.4615873, 0.08145654, -0.24436975, 
-0.58332324, -0.58332324, -0.283157, -0.58332324, -0.58332324, -0.58332324, 0.31717557, -0.58332324, 0.017009258, -0.58332324, 0.017009258, -0.58332324, -0.283157, -0.58332324, 0.017009258, -0.58332324, -0.58332324, -0.58332324, -0.58332324, -0.70338976, -0.283157, -0.58332324, -0.58332324, -0.283157, -0.283157, 0.017009258, 0.31717557, -0.58332324, 0.31717557, -0.58332324, 0.017009258, 0.31717557, 0.91750807, -0.283157, -0.58332324, -0.58332324, -0.58332324, -0.58332324, -0.283157, -0.58332324, -0.283157, -0.283157, 0.017009258, 0.91750807, 0.31717557, 0.6173418, 0.91750807, -0.283157, 0.91750807, 0.31717557, 2.7185056, 2.1181731, 2.7185056, 2.1181731, 0.017009258, 0.31717557, 0.31717557, 0.31717557, 0.017009258, -0.58332324, -0.09030801, -0.09030801, -0.09030801, -0.9239183, -0.9239183, -0.09030801, 0.7433023, -0.09030801, -0.09030801, 1.5769126, 0.7433023, -0.50711316, -0.50711316, -0.09030801, -0.09030801, -0.50711316, -0.50711316, -0.50711316, -0.9239183, -0.9239183, -0.09030801, -0.50711316, 0.7433023, 0.32649714, -0.50711316, 0.7433023, -0.09030801, -0.09030801, -0.09030801, -0.09030801, 0.32649714, 0.32649714, 0.7433023, 0.32649714, -0.50711316, -0.50711316, -0.09030801, -0.50711316, -0.9239183, 0.32649714, -0.09030801, -0.09030801, -0.09030801, -0.09030801, -0.50711316, -0.09030801, -0.09030801, -0.09030801, -0.09030801, -0.09030801, 1.5769126, -0.09030801, -0.09030801, 0.7433023, -0.09030801, -0.09030801, -0.09030801, 3.2441335, 0.32649714, -0.09030801, -0.7456774, -0.7456774, -0.7456774, -1.2472539, -0.7456774, -0.7456774, -0.24410093, -0.946308, 0.75905204, -0.24410093, 0.2574755, -0.7456774, -0.7456774, -0.946308, -0.24410093, -0.7456774, -1.2472539, -0.7456774, -0.7456774, -0.7456774, -0.7456774, -0.7456774, -0.24410093, -0.24410093, -0.7456774, -0.24410093, 0.75905204, 0.75905204, 0.75905204, -0.24410093, 0.2574755, 1.7622049, 1.7622049, 0.2574755, -0.7456774, -0.24410093, -0.24410093, -0.7456774, -0.7456774, -0.7456774, 0.2574755, -0.7456774, 0.2574755, 0.2574755, 0.2574755, 1.7622049, 1.7622049, 1.7622049, 1.7622049, 1.7622049, 0.75905204, 1.7622049, 0.75905204, 0.75905204, 0.75905204, -0.24410093, -0.24410093, -0.24410093, 0.2574755, -0.7456774, 0.17659318, -0.35584825, -0.089627564, 0.17659318, -0.622069, -0.089627564, 1.7739174, 0.17659318, -0.089627564, -0.622069, 0.17659318, -0.622069, 0.17659318, 0.17659318, 1.7739174, -0.7285572, -0.8882897, 0.70903456, -0.622069, -0.8882897, -0.622069, 1.7739174, 0.17659318, 0.17659318, -0.622069, -0.089627564, -0.35584825, -0.35584825, -0.622069, 0.17659318, 0.17659318, 0.70903456, 0.17659318, 0.17659318, 2.3063588, -0.622069, -0.7285572, -0.622069, -0.622069, -0.35584825, -0.089627564, 0.17659318, -0.622069, -0.089627564, 0.70903456, 0.70903456, 0.17659318, 0.17659318, -0.35584825, 0.17659318, -0.622069, -0.089627564, -0.35584825, -0.35584825, -0.35584825, -0.35584825, -0.35584825, 0.70903456, 0.70903456, 0.17659318, 
-1.2149119, -0.7883777, -0.8736845, -1.0016448, -1.2149119, 0.36326492, -0.57511055, 0.7044922, 0.49122512, -0.7883777, -0.7883777, 0.36326492, 0.49122512, -1.2149119, -1.0016448, -0.14857626, -1.2149119, -1.2149119, -1.2149119, -1.0016448, 0.49122512, -0.36184335, 0.27795804, 0.27795804, -0.7883777, 1.3442937, 0.4485718, 0.49122512, 1.0883731, -1.3855257, 0.91775954, 1.1310266, -1.0016448, -1.5134859, -0.14857626, -1.5987928, -0.57511055, -0.36184335, 0.27795804, -1.2149119, -0.020615935, 0.40591824, 0.40591824, -0.14857626, 0.2353046, 1.17368, 1.3442937, 1.1310266, 1.2163335, 1.1310266, 1.2163335, 1.2589868, 0.7044922, 1.0457197, 1.2589868, 0.27795804, 0.2353046, 0.49122512, 0.7044922, -0.020615935, -1.1026561, -0.66846824, -1.0483825, -1.2112031, -1.2112031, 0.14563394, 0.6883687, 0.41700137, 0.6340953, -0.93983567, -0.1257335, 0.14563394, 0.9597362, -0.55992126, -0.93983567, -1.2112031, -0.93983567, -0.93983567, -1.2112031, -0.66846824, -0.66846824, -0.3971008, 0.41700137, -0.7770152, -0.66846824, 0.14563394, 0.9597362, 0.6883687, -0.55992126, -0.3971008, 0.6883687, 0.41700137, -1.1026561, 0.6883687, -1.2112031, 1.2311035, 0.6883687, -0.93983567, -0.3971008, -1.4825704, 0.14563394, 0.6883687, 0.9597362, 0.9597362, -0.66846824, 0.85118926, 0.6883687, 1.0682832, -0.3971008, 0.52554834, 0.9597362, 0.9597362, 0.9597362, 0.79691565, 0.6883687, -0.7770152, 1.2311035, 1.2311035, 0.9597362, 0.6340953, -0.6423277, -0.39076316, -0.8938923, -0.39076316, -0.39076316, 0.36393046, 0.8670596, 0.36393046, -0.7932665, 1.1186241, 0.11236596, -0.2901374, 1.1186241, 0.11236596, -0.7932665, -1.044831, -0.49138904, -1.1454568, -0.6423277, -0.13919866, -0.39076316, -0.03857279, -1.1454568, -1.1957698, 0.11236596, 1.8733178, 1.1186241, 0.8167466, -0.7932665, 1.1186241, 0.6154951, 1.2192498, 0.11236596, 0.11236596, 0.011740088, -0.8938923, -0.3404503, -1.1454568, -0.39076316, -0.6423277, 0.011740088, 0.8670596, -0.13919866, 0.8670596, 1.1186241, -0.03857279, 1.1186241, -1.1454568, 1.8733178, 0.8670596, 1.3198758, -0.7932665, -0.6423277, 0.011740088, 0.11236596, -0.18951154, 0.41424334, -0.13919866, -1.1454568, -0.49138904, 0.1376164, -0.54660165, -0.63783073, -0.8659035, 0.1376164, 0.82183456, -0.7746744, 0.82183456, -0.911518, 0.36568904, 0.1376164, 0.5937619, 0.36568904, -0.318529, -0.7746744, -1.0939761, -0.7746744, -0.318529, 0.5481472, -1.002747, -0.3641435, -1.6869652, 0.36568904, -1.0939761, -0.54660165, -0.54660165, NaN, -0.318529, -0.7746744, -0.7746744, 1.0499072, 0.36568904, 1.0042927, 0.092001915, 0.9130635, -0.318529, 0.5937619, -1.002747, -0.7746744, 0.45691824, 1.0499072, 0.45691824, 0.5937619, 0.18323088, -0.7746744, 0.6393764, 0.45691824, 0.45691824, -0.4097581, 0.82183456, 0.27446008, 1.0499072, -0.54660165, 0.5025327, 0.36568904, -0.7746744, 0.36568904, 1.2779799, 0.82183456, 0.6393764, 
-0.89836305, -0.89836305, -0.89836305, -0.89836305, 0.041784525, -0.5849805, -0.89836305, -0.5849805, -0.27159798, -0.5849805, -0.27159798, -0.5849805, 0.6685496, -0.5849805, -0.5849805, -0.89836305, -0.5849805, -0.89836305, 0.041784525, -0.27159798, 0.9819321, 0.041784525, -0.89836305, 0.041784525, -0.89836305, 0.3551671, -0.27159798, 0.6685496, 1.6086972, 0.041784525, 0.3551671, -0.27159798, -0.27159798, 1.2953146, -0.5849805, -0.5849805, -0.5849805, -0.5849805, 0.9819321, -0.27159798, 0.6685496, 1.2953146, 0.3551671, 0.9819321, -0.27159798, 1.2953146, 0.6685496, 1.2953146, 1.2953146, 0.9819321, -0.5849805, 0.9819321, 0.6685496, 0.6685496, 1.6086972, -0.27159798, -0.5849805, -0.5849805, -0.5849805, -0.5849805, -1.1239183, -0.9084707, -0.47757542, -0.9084707, -0.47757542, -0.47757542, 1.2460055, 0.16876745, -0.26212782, -0.26212782, -0.046680212, 0.16876745, -0.046680212, 0.8151102, -0.9084707, 1.0305579, 0.8151102, -0.9084707, -0.9084707, -0.9084707, -0.47757542, -0.47757542, -0.9084707, 0.8151102, -0.9084707, -0.9084707, 0.8151102, -0.046680212, 0.59966266, -0.9084707, 1.4614532, 0.59966266, 1.2460055, -0.6930231, -0.26212782, 0.384215, 0.16876745, -0.26212782, -0.47757542, -0.9084707, 0.384215, -0.9084707, 0.16876745, 0.59966266, 0.384215, -0.26212782, 1.2460055, 0.384215, 1.2460055, -0.046680212, -0.9084707, 1.2460055, 0.384215, -0.47757542, 1.0305579, 0.16876745, 0.8151102, 0.8151102, 0.16876745, -0.9084707, -0.36871126, -0.36871126, -0.36871126, -0.36871126, -0.36871126, -0.294969, -0.33184013, -0.36871126, -0.294969, -0.36871126, -0.294969, -0.18435562, 1.8435566, -0.294969, 2.9802322E-8, -0.36871126, -0.33184013, -0.33184013, 0.7374227, 2.9802322E-8, 1.1061339, -0.2580979, -0.18435562, -0.33184013, -0.36871126, -0.294969, -0.294969, -0.18435562, -0.36871126, 2.2122679, -0.294969, -0.18435562, -0.294969, 1.4748453, -0.18435562, -0.36871126, -0.36871126, -0.18435562, 1.4748453, -0.33184013, -0.2580979, 1.1061339, -0.33184013, -0.36871126, -0.294969, -0.18435562, -0.18435562, 0.7374227, -0.18435562, 2.2122679, -0.18435562, -0.2580979, 1.1061339, -0.2580979, -0.2580979, -0.294969, -0.36871126, -0.18435562, -0.2580979, -0.33184013, -0.74559546, -1.0950935, -1.0950935, -0.74559546, -0.04659927, -0.39609736, -0.39609736, -0.39609736, -0.39609736, -0.39609736, -0.04659927, 0.30289876, 2.3998873, -1.0950935, -0.74559546, -1.0950935, -0.74559546, -0.39609736, -1.0950935, -0.74559546, 1.351393, -0.39609736, 0.30289876, -0.04659927, -0.04659927, -0.04659927, -0.04659927, 0.6523969, 1.001895, -0.74559546, -0.04659927, 1.001895, 0.30289876, 0.6523969, 0.6523969, -0.39609736, -1.0950935, 0.30289876, -0.39609736, -0.74559546, 0.30289876, 2.3998873, 0.30289876, 0.6523969, -0.39609736, 0.6523969, -0.04659927, 0.6523969, 1.001895, -0.04659927, 0.6523969, 0.6523969, 0.6523969, 0.30289876, 1.001895, -0.39609736, -0.39609736, 0.30289876, -0.74559546, -0.74559546, 
-0.4169463, -0.7660177, -0.8823748, -0.06787491, -0.998732, 1.4447677, 1.5611248, 0.63026786, -0.53330344, 0.04848218, 0.39755356, 1.0956964, -0.06787491, 0.63026786, -0.3005892, -0.4169463, 0.97933936, -0.7660177, -0.7660177, -1.2314461, -0.998732, -0.7660177, 1.3284106, -0.4169463, -1.2314461, -0.53330344, 0.5139108, 0.28119648, -0.6496605, 0.28119648, 1.4447677, -0.6496605, 0.63026786, 0.28119648, 0.39755356, -0.06787491, -0.53330344, -0.7660177, 0.63026786, -0.53330344, -0.8823748, -0.7660177, 0.16483939, -0.06787491, 0.63026786, 0.86298203, 0.74662495, 0.28119648, -0.998732, -0.3005892, 1.7938392, 0.86298203, 0.04848218, 0.16483939, 0.04848218, -0.4169463, 0.39755356, -0.53330344, -0.6496605, 0.39755356, -1.014497, -1.014497, -1.140783, -0.8882111, -1.140783, -0.5093533, -0.6356392, -0.5093533, 0.37464833, -0.8882111, 2.2689376, 0.7535063, -0.76192516, 0.24836242, 0.6272203, -1.014497, -1.014497, -1.014497, -0.13049543, -1.140783, 0.8797921, -0.8882111, -1.014497, -0.25678134, -0.76192516, 0.24836242, 1.25865, 0.12207651, 0.24836242, 0.37464833, 0.7535063, 1.5112218, 0.6272203, -0.8882111, 0.8797921, 0.6272203, 0.12207651, 0.37464833, 0.24836242, 0.24836242, -1.014497, 0.50093424, 0.7535063, -0.6356392, -1.014497, -0.38306725, 0.7535063, 0.50093424, -0.5093533, 0.37464833, 0.7535063, 1.1323639, 0.8797921, -0.6356392, 1.25865, 1.5112218, 0.50093424, -0.5093533, -0.0042095184, -0.38306725, -0.90666837, -0.5634499, -1.0782776, -0.3060361, -0.8208638, 0.2945963, -0.13442683, -0.6492545, 1.238447, 2.0964932, -1.0782776, -0.3060361, -0.90666837, 1.0668378, 1.238447, -0.8208638, -0.992473, 0.03718245, 0.7236192, -1.1640822, 0.8094239, -1.0782776, -0.6492545, -0.04862225, 1.5816655, -0.47764528, -0.3060361, 0.9810331, 0.8094239, 0.8094239, -0.992473, -0.6492545, -0.992473, 0.46620548, 0.9810331, -1.0782776, -0.3060361, 1.238447, 0.20879161, 0.7236192, -0.13442683, -0.8208638, -1.0782776, -0.6492545, -0.04862225, -0.992473, -0.73505914, 1.238447, 0.8952286, 1.5816655, -1.0782776, -0.5634499, 0.8094239, 0.9810331, 1.7532747, -0.6492545, -0.992473, 0.12298703, 0.20879161, 1.1526425, -0.96690905, -0.27625966, -0.96690905, -0.27625966, -0.96690905, -0.27625966, 0.41438985, 1.1050391, -0.27625966, -0.96690905, -0.96690905, 0.41438985, 0.41438985, -0.96690905, 0.41438985, -0.96690905, -0.96690905, 0.41438985, -0.27625966, -0.96690905, -0.27625966, -0.27625966, -0.27625966, -0.27625966, -0.27625966, -0.27625966, 1.7956886, 0.41438985, -0.27625966, 0.41438985, 1.1050391, 1.7956886, 1.1050391, -0.27625966, -0.27625966, -0.27625966, -0.27625966, -0.27625966, 0.41438985, -0.27625966, -0.27625966, -0.96690905, 0.41438985, -0.27625966, -0.27625966, 0.41438985, 1.1050391, 0.41438985, 0.41438985, 0.41438985, 0.41438985, 1.7956886, -0.96690905, -0.96690905, -0.27625966, 1.7956886, 0.41438985, 1.1050391, -0.27625966, -0.96690905, 
-0.37304926, -0.952919, -0.83694506, -0.2570753, -0.83694506, -0.83694506, -0.2570753, -0.60499716, -0.7209711, 0.32279444, -0.02512741, 0.32279444, -0.02512741, 0.32279444, 0.9026642, -0.02512741, -0.7209711, -0.7209711, -1.068893, -0.83694506, -1.3008409, -0.37304926, -1.1848669, -0.37304926, -0.60499716, -0.37304926, 0.4387684, 1.4825339, -0.2570753, -0.83694506, 0.32279444, 0.32279444, -0.2570753, 0.09084654, 1.4825339, -0.02512741, -0.02512741, -0.37304926, 0.32279444, 1.4825339, 0.09084654, 0.32279444, 0.20682049, -0.2570753, -1.1848669, 1.9464297, -0.2570753, 0.6707163, 0.9026642, 2.0624037, 1.4825339, 0.9026642, 0.32279444, 0.4387684, 0.55474234, 0.4387684, -0.7209711, -0.37304926, -0.02512741, -0.2570753, 0.3731128, -1.0147462, -1.0147462, 0.49379623, -1.3164546, -0.10962069, 0.19208777, -0.89406276, -1.0147462, 0.4334545, -0.7733794, -0.4113292, 0.2524295, 0.61447966, 0.49379623, -0.83372104, -0.89406276, -0.10962069, -0.89406276, -0.9544045, -1.0147462, -1.0147462, -1.0147462, -1.0147462, -0.71303767, 0.19208777, 1.3989217, 0.2524295, 0.2524295, -0.3509875, -0.4113292, 0.8558464, -0.4113292, 0.7955048, 0.49379623, 0.3127712, 0.49379623, 0.19208777, -0.10962069, 0.4334545, 0.4334545, -0.10962069, 1.0972133, -0.71303767, -1.0147462, 0.49379623, 0.19208777, 0.7955048, 1.7006302, 0.19208777, 1.0972133, 0.49379623, 0.49379623, 0.7955048, 1.0368714, 0.61447966, -0.10962069, 0.7955048, 0.2524295, -0.7733794, -0.8053577, -0.8053577, 0.123903036, -0.8053577, -0.8053577, -0.34072733, -0.34072733, -0.34072733, -0.8053577, -0.34072733, -0.34072733, 0.58853364, 0.123903036, -0.34072733, -0.8053577, -0.61950564, -0.8053577, -0.34072733, -0.8053577, -0.34072733, -0.8053577, -0.34072733, -0.8053577, -0.8053577, 0.123903036, 0.123903036, 0.58853364, 0.123903036, -0.15487528, -0.34072733, 0.123903036, 0.123903036, -0.2478013, 0.58853364, 1.0531638, -0.34072733, -0.34072733, 0.123903036, 1.982425, 0.58853364, -0.34072733, -0.34072733, 0.123903036, -0.8053577, -0.34072733, 2.447055, 0.123903036, 1.6107204, 1.0531638, 0.123903036, 1.982425, 1.5177944, 0.58853364, 0.123903036, 0.58853364, 0.123903036, -0.61950564, -0.34072733, 0.30975533, -0.34072733, -1.1232369, -0.4910211, -0.74390745, -0.74390745, -0.74390745, 0.5205244, 0.5205244, -0.4910211, -0.74390745, 0.14119482, -0.4910211, -0.74390745, 1.2791835, -0.61746424, 0.14119482, 0.14119482, -0.61746424, -0.111691594, -0.4910211, -0.3645779, 0.14119482, -0.74390745, -0.111691594, -0.74390745, 1.1527401, 0.5205244, -0.74390745, -0.111691594, 0.5205244, -0.111691594, -0.4910211, -0.74390745, 0.14119482, 1.1527401, 0.5205244, -0.61746424, -1.1232369, 1.7849561, 0.64696753, 0.5205244, -1.1232369, -0.111691594, -1.1232369, -0.3645779, 0.14119482, 0.5205244, 0.14119482, 1.1527401, -0.111691594, 0.14119482, 1.1527401, 1.2791835, 0.5205244, -0.74390745, 0.64696753, 0.64696753, 0.14119482, 0.7734107, 1.1527401, -0.61746424, 
-1.3035614, -1.0946434, -1.0424138, -1.2513319, -0.78126633, -0.5723483, -0.6245778, -0.20674169, -0.5723483, -0.4156598, -0.15451217, -0.20674169, -0.36343026, -0.36343026, -0.5723483, -0.7290368, -0.99018437, -0.7290368, -0.7290368, -0.8857253, -0.6768073, -0.8857253, -0.70292205, 0.05440581, -0.99018437, 0.68115985, 2.1435862, -0.4156598, 1.098996, 0.05440581, 2.1435862, 0.5767008, 0.994537, 0.83784854, -0.4678893, -0.6768073, -0.20674169, -0.5723483, -0.4156598, -0.5201188, 0.5244714, -0.5723483, -0.31120074, -0.5723483, -0.4678893, 2.1435862, 0.5244714, 0.7333895, 1.098996, 1.7257501, 1.621291, 0.3155533, 1.098996, 2.6658812, 1.3601435, -0.36343026, 0.05440581, 0.3155533, -0.05005324, -0.31120074, -0.31972563, -1.4667828, -1.8227661, -1.7832123, -1.7436587, -0.16151094, 0.036257505, -1.3481216, -0.55704784, -1.3876754, -0.16151094, 0.55045545, 1.0250999, 0.98554623, 0.7877778, -0.0032961369, 0.7877778, 1.0250999, 0.74822414, 0.036257505, -0.7548163, -1.7436587, -0.9525848, -1.5063365, -1.1503532, -0.08240354, 1.0250999, 1.0646535, -0.63615525, -0.3592794, 0.036257505, 0.8273314, 0.11536491, 0.43179452, 0.8273314, 0.8273314, 0.43179452, 1.1042072, 1.1042072, 0.629563, -1.5458902, -0.16151094, -0.3592794, 1.0250999, -0.3592794, 0.27357972, -1.7041049, 0.8273314, -0.7548163, -1.3876754, 1.143761, -0.3592794, -0.0032961369, 1.2228683, 0.43179452, 1.2228683, 0.8273314, 1.4206368, 1.1833147, 0.59000933, -0.057674527, -1.0984201, -1.7749046, -1.7749046, -1.462681, -0.89027095, -0.16174912, -0.005637288, -0.94230825, -0.8382337, -0.057674527, -0.6300845, -0.8382337, -0.31786096, -0.31786096, -0.94230825, -0.94230825, -0.057674527, -0.8382337, -0.52601004, -1.0984201, -0.5780473, -1.2545319, -0.31786096, -0.89027095, 0.09843731, 1.4514065, -0.005637288, 0.5667727, 0.09843731, -0.5780473, 0.5667727, -0.057674527, 1.5034437, 0.5667727, -0.057674527, -0.47397268, -0.031655908, 0.3065865, 0.15047455, -0.31786096, -0.057674527, -0.94230825, 0.3065865, -0.31786096, 1.6595557, 2.0238166, 1.7115929, 1.7115929, 0.72288465, 1.7636302, 0.6188102, 0.6188102, 1.6595557, 1.5034437, -0.057674527, 0.72288465, 0.46269822, 0.72288465, -0.005637288, -0.62234604, -0.025491, -0.32391858, -1.1445942, -0.77155983, 0.6459708, 0.42215014, -0.28661513, 0.42215014, 0.86979127, 0.94439816, -1.6668422, 0.049115658, 0.049115658, -0.17470479, 0.49675703, -0.24931169, -0.9207735, 0.6459708, -1.4430217, 0.27293634, -1.2192011, -0.54773927, -0.39852548, -1.8906629, 0.6459708, 0.86979127, 0.12372255, 0.42215014, 0.049115658, 1.1682189, -1.3684148, 0.86979127, 0.12372255, 0.19832945, -0.32391858, -1.6668422, -0.47313237, -0.025491, -0.32391858, 1.1682189, 0.42215014, 1.0190051, 1.3174326, -0.17470479, 0.27293634, 0.049115658, -0.100097895, 0.34754324, -0.17470479, 0.42215014, 0.42215014, 0.42215014, 0.19832945, 0.94439816, 1.1682189, 0.49675703, -0.025491, -0.62234604, -0.9953804, 
-0.3905238, -0.6035367, -0.6035367, -0.53253245, 0.46152812, -0.6035367, 1.8816147, 0.10650641, -0.3905238, -0.6035367, -0.46152812, -0.6035367, 1.1715713, -0.3905238, 0.10650641, -0.6745411, -0.53253245, -0.3905238, -0.53253245, -0.24851513, -0.6035367, -0.31951946, -0.7455454, -0.6745411, -0.3905238, 0.8165497, -0.17751086, -0.035502195, 0.10650641, -0.53253245, -0.24851513, 1.526593, -0.46152812, -0.10650653, -0.53253245, -0.6035367, 0.10650641, 0.035502136, -0.17751086, 0.46152812, -0.10650653, 0.24851507, -0.035502195, -0.035502195, 2.5916579, 0.10650641, 1.1715713, 1.8816147, 0.10650641, 0.24851507, 0.8165497, 0.46152812, -0.46152812, -0.31951946, -0.46152812, -0.24851513, 0.8165497, -0.24851513, 0.46152812, -0.6035367, 0.20091987, -0.6420988, -1.0636082, -0.47349513, -0.22058952, 0.20091987, 0.62242913, -0.47349513, -0.6420988, -0.6420988, -0.22058952, -0.05198574, 0.62242913, -0.22058952, 0.62242913, -0.22058952, -0.8107025, -0.7264007, -0.8107025, -0.47349513, -0.22058952, -0.22058952, -0.7264007, -0.22058952, -0.22058952, 0.20091987, 0.03231609, 0.20091987, -0.22058952, -0.6420988, 0.62242913, 1.0439384, -0.6420988, -0.22058952, 0.20091987, -0.9793063, -0.22058952, -0.6420988, -0.6420988, 1.0439384, -0.22058952, -0.38919318, -0.47349513, 0.20091987, 2.7299757, 0.20091987, 1.8869572, 1.8869572, 1.0439384, -0.13628757, 0.62242913, 1.4654479, 0.20091987, -0.47349513, -0.13628757, -0.47349513, 0.62242913, -0.6420988, 0.20091987, -0.22058952, -0.62283754, -0.26142323, -0.62283754, -0.91196895, -0.26142323, -0.40598893, 1.9070625, -0.8396861, -0.26142323, -0.18914032, -0.04457462, -0.40598893, 0.82281965, -0.40598893, -0.26142323, -0.62283754, -0.8396861, -0.33370608, -0.62283754, -0.33370608, -0.76740324, -0.40598893, -0.33370608, -0.47827178, 0.17227393, 0.46140534, -0.18914032, -0.04457462, -0.26142323, -0.33370608, -0.40598893, 1.1842341, 0.17227393, -0.47827178, -0.33370608, -0.91196895, 0.09999114, -0.26142323, -0.55055463, 0.09999114, -0.33370608, 0.027708232, -0.04457462, 0.09999114, 2.6298912, -0.11685747, 1.1842341, 2.6298912, 0.82281965, 0.17227393, 0.82281965, 0.82281965, -0.18914032, 0.46140534, 0.09999114, -0.55055463, 1.1842341, -0.62283754, 0.46140534, -0.47827178, -0.2744462, -0.7300488, -0.66496265, -0.7300488, 0.3764146, -0.20936012, 1.3527057, -0.5998766, -0.07918799, -0.40461838, -0.66496265, -0.2744462, 1.6781361, -0.33953232, 0.3764146, -0.33953232, -0.33953232, -0.66496265, -0.7300488, -0.46970445, -0.40461838, -0.40461838, -0.40461838, -0.40461838, -0.5347905, 0.7018449, -0.20936012, -0.2744462, -0.40461838, -0.33953232, 0.050984144, 1.3527057, -0.20936012, -0.14427406, 0.050984144, -0.5347905, 0.3764146, -0.46970445, -0.5347905, 0.3764146, -0.33953232, -0.33953232, -0.5998766, -0.46970445, 2.3289967, -0.14427406, 1.3527057, 1.6781361, 1.0272753, -0.20936012, 1.0272753, 1.0272753, -0.14427406, -0.33953232, -0.20936012, -0.33953232, 1.3527057, -0.33953232, 0.3764146, -0.5998766, 
-0.3416028, 0.094484806, 0.47606134, 1.0211711, 0.20350671, -1.1592672, -0.3416028, -0.5051358, 0.6395943, 0.7486162, -0.4506247, 0.7486162, -0.06904817, 1.0211711, 0.58508325, 0.47606134, -1.2137781, -0.23258114, -0.3416028, 0.47606134, -0.3416028, -1.3228, -0.6141577, -1.2682891, 0.31252837, -0.39611387, -0.06904817, 0.20350671, -0.88671243, -0.3416028, 1.2937257, -1.2682891, -1.2137781, -0.23258114, -0.3416028, 0.6395943, 0.7486162, 0.4215505, 0.094484806, 0.20350671, -0.6141577, 0.20350671, 0.039973736, -1.1047564, -0.4506247, 0.36703968, -0.06904817, -0.23258114, 0.20350671, 0.7486162, 1.2937257, 0.7486162, -0.99573433, 0.8576381, -0.23258114, 0.7486162, 0.7486162, 0.20350671, -0.014537096, 0.094484806, -0.7791383, -0.40841436, -0.7791383, -0.7791383, -0.0376904, -1.149862, 0.25888872, -0.18597984, 0.48132324, -1.149862, 0.25888872, -0.0376904, 0.33303356, -0.7791383, 1.3710608, -0.40841436, -0.7791383, 0.70375776, -0.7791383, 0.11059904, -0.111835, -0.8532829, -0.7791383, -1.149862, -0.0376904, -0.5567038, -0.92742777, -0.0376904, 0.2218163, -0.40841436, 0.70375776, -0.8532829, -0.7049935, 0.03645444, -0.0376904, -0.0376904, 0.48132324, 0.5554681, 1.4452057, 1.296916, 0.11059904, -0.33426952, 0.11059904, -1.0757174, -0.0376904, 0.5554681, 1.0744815, -0.6308489, 0.70375776, 0.5554681, 0.70375776, 0.85204697, -0.92742777, 0.6296129, 0.9261923, 1.4452057, 1.296916, 0.70375776, -0.0376904, -0.33426952, -0.7029495, -0.7029495, 0.32935452, -1.1453655, -0.40800548, -0.99789345, -1.2928375, -1.0716295, -0.26053333, -1.5140455, 0.8455064, 0.32935452, 0.034410477, -0.039325476, -0.039325476, -1.7352533, -0.40800548, -0.039325476, -1.1453655, -0.5554774, 0.91924286, -0.5554774, -0.7766855, -0.33426952, -0.7766855, 1.0667145, 0.6242986, 0.034410477, -1.4403094, -0.40800548, 1.0667145, -0.26053333, -0.40800548, 0.91924286, 0.7717705, 0.6980345, 0.91924286, 1.0667145, 0.10814667, 0.32935452, -0.99789345, 0.7717705, -0.40800548, -0.62921333, 0.91924286, 0.32935452, 0.7717705, 0.91924286, -0.039325476, 1.0667145, 0.47682643, 1.0667145, -0.11306143, -0.40800548, 0.9929788, 0.32935452, 0.9929788, 0.32935452, 0.10814667, 0.47682643, -0.7478329, 0.3906591, -0.41298223, -1.0826836, -0.078131676, -1.2166238, 0.79248, 0.59156966, 0.7255099, -0.7478329, -0.6138927, -1.0826836, -0.41298223, -1.4175341, 1.0603604, -0.54692256, 0.3906591, 0.6585398, -0.078131676, 0.25671887, -1.0157135, 0.055808544, -0.6138927, -0.6808628, 0.122778654, -0.34601212, 0.122778654, -0.814803, -0.078131676, -0.41298223, 0.25671887, 0.122778654, -0.24555707, -0.14510179, -0.279042, 0.25671887, -0.814803, -0.94874334, 1.1943007, 1.2612708, 0.79248, -0.7478329, 0.59156966, -0.279042, 0.18974876, 0.25671887, 1.0603604, 0.25671887, -0.078131676, -0.078131676, 0.59156966, 0.122778654, -0.14510179, 0.8594501, 1.0938454, 0.59156966, 0.8594501, 0.79248, 0.3906591, -0.54692256, 
-0.48933706, -0.103018165, -0.48933706, -0.37896025, -0.37896025, -0.37896025, -0.103018165, -0.48933706, -0.103018165, 1.2766922, 0.06254709, 0.06254709, -0.37896025, -0.48933706, 0.06254709, -0.48933706, -0.48933706, -0.26858342, -0.26858342, 0.17292386, 0.06254709, 0.06254709, -0.37896025, 0.17292386, -0.48933706, -0.103018165, 0.06254709, -0.103018165, -0.26858342, -0.26858342, 1.0007501, -0.26858342, -0.37896025, 0.72480804, -0.26858342, 1.2766922, -0.37896025, -0.103018165, -0.37896025, -0.26858342, -0.213395, -0.48933706, -0.26858342, -0.48933706, -0.48933706, -0.26858342, -0.047829747, -0.26858342, -0.103018165, -0.48933706, 0.17292386, 1.8285763, 3.4842286, 1.0007501, -0.103018165, 0.72480804, 0.17292386, -0.26858342, 0.17292386, -0.103018165, -0.6753144, -0.6753144, -0.49071813, 0.24766707, -0.6753144, -0.39841998, -0.21382368, -0.21382368, -0.49071813, 1.1706486, 0.063070774, 0.063070774, -0.49071813, -0.21382368, -0.6753144, -0.6753144, -0.49071813, -0.6753144, -0.6753144, -0.21382368, 0.063070774, -0.21382368, -0.21382368, 0.063070774, -0.21382368, -0.21382368, -0.21382368, -0.39841998, 0.063070774, 0.063070774, 0.7091577, 0.063070774, -0.21382368, 0.24766707, -0.39841998, 0.7091577, -0.49071813, -0.029227376, -0.029227376, -0.39841998, 0.063070774, -0.39841998, 0.15536892, -0.029227376, -0.21382368, 0.24766707, -0.21382368, 0.063070774, 0.15536892, -0.21382368, 0.43226337, 1.6321392, 3.0166113, 3.0166113, 0.43226337, 0.24766707, -0.21382368, 0.24766707, -0.49071813, -0.49071813, -0.7692671, -0.7692671, -0.7692671, -0.018762112, -0.018762112, 0.73174286, -0.018762112, -0.39401484, 0.3564906, 1.4822483, -0.39401484, -0.7692671, 0.3564906, -0.39401484, -0.39401484, -0.7692671, -0.39401484, -0.7692671, -0.7692671, -0.39401484, -1.1445198, -0.39401484, -0.7692671, -0.018762112, -0.7692671, -0.018762112, -0.39401484, 0.3564906, -0.018762112, 0.3564906, -0.018762112, 0.3564906, -0.39401484, -0.018762112, 0.73174286, 0.3564906, -0.7692671, -0.7692671, 0.3564906, 0.73174286, -0.018762112, -0.39401484, 0.3564906, -0.018762112, -0.39401484, 0.3564906, 0.73174286, -0.018762112, 0.73174286, -0.7692671, -0.39401484, 2.2327533, 2.2327533, 0.73174286, 0.3564906, 0.3564906, -0.018762112, 0.3564906, 0.3564906, 0.3564906, -1.053845, -1.7977357, -1.053845, -0.3099544, -0.3099544, -0.3099544, -1.053845, 0.43393612, 0.43393612, -0.3099544, -1.053845, -1.053845, -0.3099544, -0.3099544, 1.1778266, -1.053845, -0.3099544, -0.3099544, -0.3099544, -1.053845, -1.053845, -1.053845, -0.3099544, -1.053845, -0.3099544, 1.1778266, 1.1778266, 0.43393612, 1.1778266, 1.1778266, -0.3099544, 0.43393612, 0.43393612, -0.3099544, -0.3099544, 0.43393612, -0.3099544, -1.053845, -0.3099544, -0.3099544, 0.43393612, 0.43393612, 0.43393612, 0.43393612, -0.3099544, 1.1778266, 0.43393612, 0.43393612, 1.1778266, -0.3099544, -0.3099544, 1.1778266, 1.1778266, 0.43393612, 1.1778266, 0.43393612, -0.3099544, 0.43393612, 0.43393612, 1.1778266, 
-0.8497504, -1.0037837, -0.9421704, -1.0037837, -0.51087713, -0.38765043, -0.5416838, -0.6341038, -0.9113637, -0.23361713, 0.29009616, 0.19767618, -0.57249045, -0.35684377, -0.4184571, -0.38765043, -0.6032971, -0.5416838, -0.88055706, -0.6957171, -0.07958382, -0.07958382, -0.44926375, -0.88055706, -0.9421704, 1.3375227, 0.84461606, 1.306716, -0.29523045, -0.20281047, 0.99864936, 1.0910695, -0.14119714, -0.6341038, -0.8497504, -0.07958382, -0.57249045, -0.20281047, 0.16686952, -0.51087713, 0.04364288, 1.3375227, -0.5416838, -0.2644238, -0.2644238, 1.1526828, 1.4607494, 1.0910695, 1.768816, -0.2644238, 1.768816, 1.2451026, 0.13606286, 1.6455894, 0.22848284, 0.53654945, 1.3991361, -0.07958382, -0.6957171, -0.5416838, -0.6688191, -0.6688191, -0.6688191, -0.6688191, -0.6688191, -0.02675283, -0.6688191, -0.6688191, -0.6688191, -0.6688191, -0.6688191, -0.6688191, -0.6688191, -0.57250917, -0.6688191, -0.34778598, -0.6688191, -0.6688191, -0.6688191, -0.6688191, -0.6688191, -0.6688191, -0.6688191, -0.6688191, -0.6688191, 0.2942803, -0.25147605, 1.2573798, 0.9363466, 0.6153135, 0.55110687, 0.7116234, -0.50830257, 0.2942803, -0.34778598, 0.2942803, -0.6688191, -0.50830257, 0.2942803, -0.6688191, -0.18726942, 0.13376373, -0.6688191, -0.60461247, -0.6688191, 1.2573798, 1.2573798, 2.3809958, 1.4821029, 1.899446, 1.6747229, -0.02675283, 1.8352394, 2.2204792, 0.55110687, -0.6688191, 0.2942803, -0.6688191, 0.9363466, 0.9363466, -0.7063283, -1.0734789, -1.0210289, -0.75877833, -1.099704, -0.8374535, -0.75877833, -0.15560222, -0.39162767, -0.8374535, 0.2902236, -0.575203, -0.31295252, -0.31295252, -0.1818273, -1.099704, -0.31295252, -0.8899036, 0.027973175, -0.050701976, -0.575203, -0.31295252, -0.7850034, -0.52275294, -1.099704, -0.050701976, 0.68359935, -0.050701976, 1.3916757, 1.1556504, -0.1818273, 0.9458499, -0.050701976, 0.6049242, -0.31295252, -0.31295252, -0.7063283, -0.575203, -0.575203, 1.4441259, -0.8374535, 0.8933997, -0.024477005, -0.7063283, 0.080423236, 0.473799, 0.9983001, 1.4965758, 0.68359935, 0.6311493, 1.2605505, 1.2605505, 1.1556504, 1.5228009, 0.21154845, 1.1556504, -0.050701976, 1.2081003, -0.050701976, -0.4178527, -0.98894703, -0.7022957, -0.98894703, -0.61630034, -0.5589701, -0.4156444, -0.5589701, -0.1289931, 0.58763516, -0.4156444, -0.73096085, -0.4156444, 0.3009839, -0.61630034, -0.84562135, -0.7022957, -0.84562135, -0.7022957, -0.98894703, -0.7022957, -0.98894703, 0.32964897, 0.014332533, -0.759626, -0.98894703, 1.1609379, 0.15765822, -0.4156444, 1.7342404, 0.73096085, 1.3042635, 1.5909148, 0.15765822, 1.7342404, -0.5303049, 1.1609379, -0.4156444, -0.84562135, -0.1289931, -0.4156444, -0.2436536, -0.1289931, -0.4156444, -0.7022957, 0.3009839, 0.014332533, 1.0176121, 0.87428653, 0.15765822, -0.1289931, 0.73096085, 1.1609379, 1.189603, 1.1609379, 0.15765822, 1.3042635, 0.10032797, 0.87428653, -0.5589701, -0.4156444, 
-0.82951045, -0.73824495, -0.82951045, -0.053753793, -0.78387773, -0.555714, -0.73824495, 0.8589011, -0.6926122, -0.73824495, 1.0870647, -0.373183, 0.8589011, 0.8589011, -0.82951045, -0.8066941, -0.2819175, -0.82951045, -0.78387773, -0.60134673, 1.5433922, -0.78387773, -0.64697945, -0.60134673, -0.73824495, 1.7715559, 0.7220028, -0.2819175, -0.053753793, -0.51008123, -0.1450193, -0.23628479, 0.63073736, 0.7220028, 0.17440993, -0.2819175, -0.2819175, -0.51008123, -0.2819175, 1.3152285, 0.40257365, 0.63073736, -0.053753793, 1.3152285, 0.40257365, 0.40257365, 0.81326836, -0.2819175, 1.0870647, 1.3152285, -0.053753793, -0.2819175, -0.60134673, 0.17440993, 1.0870647, -0.41881573, NaN, 0.26567537, -0.41881573, -0.51008123, 0.6051502, 1.6900811, 0.966794, -0.47978044, 1.3284373, 0.24350667, 0.6774788, 0.17117786, 0.24350667, 0.966794, -0.47978044, -0.47978044, -0.47978044, 0.6051502, 0.31583548, 0.17117786, 1.4730949, 0.31583548, 0.24350667, 0.966794, 0.966794, 0.6051502, 0.966794, 0.6051502, 1.6900811, 0.6051502, 0.24350667, -0.47978044, -0.55210924, 0.6051502, -0.26279426, -0.11813688, 0.0988493, -0.045808315, -0.841424, -0.33512306, 0.24350667, -0.11813688, -1.5647112, -0.55210924, 0.24350667, -1.2030675, 0.6051502, -1.9263548, -1.2030675, -1.2030675, 0.02652049, -1.2030675, -1.2030675, -1.2030675, -1.2030675, 0.17117786, -0.55210924, -0.11813688, -0.841424, 0.0988493, -0.11813688, 0.24350667, 0.24350667, -0.47978044, -0.9552305, -0.62042695, -0.9552305, -0.062421083, -0.7320281, -0.8994299, -0.62042695, 0.49558485, -0.5088257, NaN, -0.1740222, -0.7320281, -0.28562337, 0.38398373, -0.56462634, -0.84362924, -0.006620407, -0.56462634, -0.62042695, -0.8994299, 0.04918015, -0.84362924, -0.84362924, -0.84362924, -0.84362924, 0.49558485, 0.2723825, -0.062421083, 0.94198954, -0.5088257, 0.04918015, 0.16078138, 0.2723825, 0.16078138, 0.8303884, -0.39722455, 0.2723825, 0.04918015, -0.39722455, -0.006620407, 0.04918015, 0.6071861, -0.62042695, 3.285614, 1.0535907, -0.062421083, 1.6115967, -0.5088257, 0.8303884, 1.3883942, 1.0535907, -0.1740222, -0.062421083, 0.8303884, 0.94198954, -0.5088257, 0.21658194, 0.7187872, -0.28562337, -0.006620407, -0.76754344, -0.40971434, -0.76754344, -0.5886289, -0.76754344, -0.051885366, -0.40971434, -0.051885366, -0.051885366, -0.5886289, -0.23079991, -0.40971434, -0.051885366, 0.12702918, -0.4991716, -0.67808616, -0.051885366, -0.40971434, -0.4633888, -0.40971434, 0.48485827, -0.23079991, -0.5886289, 0.12702918, -0.5886289, 0.6637728, 0.30594373, -0.051885366, -0.051885366, -0.40971434, -0.28447413, -0.23079991, 0.30594373, 0.48485827, 0.12702918, -0.3202572, -0.051885366, -0.3202572, 0.12702918, -0.23079991, -0.051885366, -0.23079991, -0.051885366, 4.7788067, 0.30594373, 0.30594373, 0.48485827, -0.23079991, 0.30594373, 0.30594373, 0.30594373, 0.12702918, 0.30594373, 1.2005162, 0.395401, 0.21648645, -0.051885366, -0.051885366, -0.051885366, -0.051885366, 
1.1474829, 0.38249445, 0.38249445, 0.38249445, 0.38249445, 0.38249445, 0.38249445, -0.38249397, 0.38249445, 1.1474829, 0.38249445, 0.38249445, -0.38249397, 0.38249445, 1.1474829, 1.1474829, 0.38249445, -0.38249397, 0.38249445, 0.38249445, 1.1474829, 1.1474829, 0.38249445, -0.38249397, 0.38249445, -0.38249397, 0.38249445, -1.1474825, -1.1474825, 0.38249445, -0.38249397, -0.38249397, 1.1474829, 0.38249445, 0.38249445, 0.38249445, -0.38249397, -0.38249397, -0.38249397, 0.38249445, -0.38249397, 1.1474829, -0.38249397, -0.38249397, 0.38249445, -0.38249397, -1.912471, -1.1474825, 1.1474829, -1.1474825, -1.1474825, -1.912471, -1.1474825, -1.1474825, -1.1474825, -0.38249397, -0.38249397, 0.38249445, 0.38249445, -0.38249397, -1.3372325, -0.485492, -0.485492, -0.485492, -0.485492, -0.485492, 0.36624837, -0.1447959, 0.36624837, -1.3372325, 0.36624837, -0.485492, 0.36624837, -0.485492, -0.485492, -1.3372325, -0.485492, -0.1447959, -0.485492, 0.36624837, -0.485492, 0.36624837, -0.485492, -0.485492, -1.3372325, 0.36624837, 1.217989, 0.36624837, -0.1447959, -0.485492, -0.1447959, 0.36624837, 0.36624837, -0.485492, 1.217989, -0.1447959, 1.217989, 0.36624837, -0.485492, -1.3372325, -0.1447959, -0.485492, 1.217989, -0.485492, 0.36624837, 0.36624837, 0.36624837, 1.217989, 1.217989, 2.9214697, 0.36624837, -0.1447959, 0.36624837, 0.36624837, 1.217989, -0.1447959, -0.485492, -0.485492, 0.36624837, -0.485492, 1.021471, 1.021471, 1.021471, 0.24567008, 0.24567008, -0.5301306, -0.5301306, -0.5301306, 0.24567008, 1.021471, -0.5301306, 1.021471, -0.5301306, 0.24567008, 1.021471, 1.021471, 1.021471, 0.24567008, 1.021471, 0.24567008, 1.021471, 1.021471, 1.021471, 0.24567008, -0.5301306, -1.3059314, -0.5301306, -0.5301306, -0.5301306, 1.021471, -0.5301306, 0.24567008, -0.5301306, 0.24567008, -0.5301306, 0.24567008, 0.24567008, 0.24567008, 1.021471, -0.5301306, -1.3059314, 0.24567008, -0.5301306, -0.5301306, -1.3059314, 0.24567008, -0.5301306, -1.3059314, 0.24567008, -1.3059314, -1.3059314, -0.5301306, -1.6938319, -0.5301306, -1.6938319, 0.24567008, 1.021471, 1.021471, -0.5301306, 1.021471, 0.83951044, 1.4613705, 0.21765065, 0.83951044, 0.83951044, -1.0260693, -0.40420938, 0.21765065, -1.6479292, 0.5285804, -1.0260693, 0.21765065, -0.40420938, 0.21765065, 0.83951044, 0.83951044, 0.21765065, 0.83951044, 0.83951044, -0.40420938, 0.83951044, 0.83951044, 0.21765065, 0.83951044, 0.83951044, 1.1504405, -0.40420938, -0.40420938, -0.40420938, -0.40420938, -0.40420938, -0.40420938, -0.40420938, 0.21765065, -1.0260693, 0.5285804, -1.3369993, -1.0260693, 0.83951044, 0.83951044, 0.21765065, 0.21765065, -0.40420938, -1.0260693, -0.40420938, -1.0260693, 0.21765065, -1.6479292, -0.40420938, -1.0260693, -1.0260693, -0.40420938, -0.40420938, 0.21765065, 0.21765065, -0.40420938, 0.21765065, 0.21765065, 1.4613705, 0.21765065, 
