X,Y,Z,strip1,strip2,strip3,strip4,strip5,strip6,strip7
0,0.0,0,0.0000,0.0000,0.0000,0.0000,0.0000,0.0000,0.0000
0,0.0,0,0.0000,0.6107,0.4454,0.0000,0.0000,0.0000,0.0000
1,0.0,0,0.0000,0.5963,0.4676,0.0000,0.0000,0.0000,0.0000
2,0.0,0,0.0000,0.5569,0.5141,0.0000,0.0000,0.0000,0.0000
3,0.0,0,0.0000,0.5550,0.5727,0.0000,0.0000,0.0000,0.0000
4,0.0,0,0.0000,0.5096,0.5933,0.0000,0.0000,0.0000,0.0000
5,0.0,0,0.0000,0.4680,0.6006,0.0000,0.0000,0.0006,0.0000
6,0.0,0,0.0000,0.4218,0.6151,0.0000,0.0000,0.0000,0.0000
7,0.0,0,0.0000,0.3668,0.6324,0.0000,0.0000,0.0000,0.0000
8,0.0,0,0.0000,0.3346,0.6405,0.0000,0.0000,0.0000,0.0000
9,0.0,0,0.0000,0.2491,0.6539,0.0000,0.0000,0.0000,0.0000
10,0.0,0,0.0000,0.2016,0.6764,0.0000,0.0000,0.0000,0.0000
11,0.0,0,0.0000,0.1547,0.6723,0.0000,0.0000,0.0000,0.0000
12,0.0,0,0.0000,0.1233,0.6909,0.0000,0.0000,0.0000,0.0000
13,0.0,0,0.0000,0.0811,0.6991,0.0000,0.0000,0.0000,0.0000
14,0.0,0,0.0000,0.0522,0.7179,0.0000,0.0000,0.0000,0.0000
15,0.0,0,0.0000,0.0401,0.7367,0.0197,0.0000,0.0000,0.0000
16,0.0,0,0.0000,0.0419,0.7481,0.1022,0.0000,0.0000,0.0000
17,0.0,0,0.0000,0.0185,0.7545,0.1625,0.0000,0.0000,0.0000
18,0.0,0,0.0000,0.0090,0.7446,0.2706,0.0000,0.0000,0.0000
19,0.0,0,0.0000,0.0029,0.7457,0.3585,0.0000,0.0000,0.0000
20,0.0,0,0.0000,0.0000,0.7363,0.4227,0.0000,0.0000,0.0000
21,0.0,0,0.0000,0.0000,0.7301,0.4823,0.0000,0.0000,0.0000
22,0.0,0,0.0000,0.0000,0.7189,0.5490,0.0000,0.0000,0.0000
23,0.0,0,0.0000,0.0000,0.7104,0.5785,0.0000,0.0000,0.0000
24,0.0,0,0.0000,0.0000,0.7042,0.6075,0.0000,0.0000,0.0000
25,0.0,0,0.0000,0.0000,0.6878,0.6321,0.0000,0.0000,0.0000
26,0.0,0,0.0000,0.0000,0.6840,0.6520,0.0000,0.0000,0.0000
27,0.0,0,0.0000,0.0000,0.6752,0.6583,0.0000,0.0000,0.0000
28,0.0,0,0.0000,0.0000,0.6564,0.6741,0.0000,0.0000,0.0000
29,0.0,0,0.0000,0.0000,0.6101,0.6931,0.0000,0.0000,0.0000
30,0.0,0,0.0000,0.0000,0.5970,0.7047,0.0000,0.0000,0.0000
31,0.0,0,0.0000,0.0000,0.5714,0.7244,0.0000,0.0000,0.0000
32,0.0,0,0.0000,0.0000,0.5182,0.7426,0.0000,0.0000,0.0000
33,0.0,0,0.0000,0.0000,0.4516,0.7542,0.0000,0.0000,0.0000
34,0.0,0,0.0000,0.0000,0.3974,0.7727,0.0000,0.0000,0.0000
35,0.0,0,0.0000,0.0000,0.3265,0.7865,0.0000,0.0000,0.0000
36,0.0,0,0.0000,0.0000,0.2571,0.7988,0.0000,0.0000,0.0000
37,0.0,0,0.0000,0.0000,0.2058,0.8000,0.0000,0.0000,0.0000
38,0.0,0,0.0000,0.0000,0.1679,0.8012,0.0000,0.0000,0.0000
39,0.0,0,0.0000,0.0000,0.1293,0.8089,0.0777,0.0000,0.0000
40,0.0,0,0.0000,0.0000,0.0980,0.8140,0.2228,0.0000,0.0000
41,0.0,0,0.0000,0.0000,0.0864,0.8134,0.3510,0.0000,0.0000
42,0.0,0,0.0000,0.0000,0.0704,0.8221,0.4827,0.0000,0.0000
43,0.0,0,0.0000,0.0000,0.0498,0.8284,0.5563,0.0000,0.0000
44,0.0,0,0.0000,0.0000,0.0372,0.8203,0.5939,0.0000,0.0000
45,0.0,0,0.0000,0.0000,0.0338,0.8195,0.6091,0.0000,0.0000
46,0.0,0,0.0000,0.0000,0.0113,0.8151,0.6086,0.0000,0.0000
47,0.0,0,0.0000,0.0000,0.0070,0.8049,0.6012,0.0000,0.0000
48,0.0,0,0.0000,0.0000,0.0000,0.7941,0.5942,0.0000,0.0000
49,0.0,0,0.0000,0.0000,0.0000,0.7745,0.6029,0.0000,0.0000
50,0.0,0,0.0000,0.0000,0.0000,0.7498,0.6330,0.0000,0.0000
51,0.0,0,0.0000,0.0000,0.0000,0.7386,0.6548,0.0000,0.0000
52,0.0,0,0.0000,0.0000,0.0000,0.7169,0.6914,0.0000,0.0000
53,0.0,0,0.0000,0.0000,0.0000,0.6865,0.7159,0.0000,0.0000
54,0.0,0,0.0000,0.0000,0.0000,0.6541,0.7392,0.0000,0.0000
55,0.0,0,0.0000,0.0000,0.0000,0.6248,0.7519,0.0000,0.0000
56,0.0,0,0.0000,0.0000,0.0000,0.5861,0.7563,0.0000,0.0000
57,0.0,0,0.0000,0.0000,0.0000,0.5453,0.7808,0.0000,0.0000
58,0.0,0,0.0000,0.0000,0.0000,0.4924,0.7749,0.0000,0.0000
59,0.0,0,0.0000,0.0000,0.0000,0.4371,0.7784,0.0000,0.0000
60,0.0,0,0.0000,0.0000,0.0000,0.3893,0.7819,0.0000,0.0000
61,0.0,0,0.0000,0.0000,0.0000,0.3183,0.7802,0.0000,0.0000
62,0.0,0,0.0000,0.0000,0.0000,0.2721,0.7727,0.0018,0.0000
63,0.0,0,0.0000,0.0000,0.0000,0.2316,0.7813,0.0206,0.0000
64,0.0,0,0.0000,0.0000,0.0000,0.1885,0.7937,0.0993,0.0000
65,0.0,0,0.0000,0.0000,0.0000,0.1549,0.7970,0.1441,0.0000
66,0.0,0,0.0000,0.0000,0.0000,0.1493,0.8005,0.3208,0.0000
67,0.0,0,0.0000,0.0000,0.0000,0.0913,0.8018,0.4461,0.0000
68,0.0,0,0.0000,0.0000,0.0000,0.0735,0.8051,0.5417,0.0000
69,0.0,0,0.0000,0.0000,0.0000,0.0489,0.8065,0.6374,0.0000
70,0.0,0,0.0000,0.0000,0.0000,0.0280,0.8098,0.6828,0.0000
0,-2.5,0,0.0000,0.5548,0.4524,0.0000,0.0026,0.0000,0.0000
1,-2.5,0,0.0000,0.5404,0.4640,0.0000,0.0000,0.0000,0.0000
2,-2.5,0,0.0000,0.4989,0.4916,0.0000,0.0000,0.0000,0.0000
3,-2.5,0,0.0000,0.4629,0.5429,0.0000,0.0000,0.0000,0.0000
4,-2.5,0,0.0000,0.4562,0.5671,0.0017,0.0000,0.0000,0.0000
5,-2.5,0,0.0000,0.4124,0.5706,0.0000,0.0011,0.0000,0.0000
6,-2.5,0,0.0000,0.3782,0.5889,0.0000,0.0000,0.0000,0.0000
7,-2.5,0,0.0000,0.3573,0.6002,0.0000,0.0005,0.0000,0.0000
8,-2.5,0,0.0000,0.3326,0.6108,0.0000,0.0000,0.0000,0.0000
9,-2.5,0,0.0000,0.3116,0.6214,0.0000,0.0000,0.0000,0.0000
10,-2.5,0,0.0000,0.2859,0.6351,0.0025,0.0000,0.0000,0.0000
11,-2.5,0,0.0000,0.2628,0.6598,0.0000,0.0000,0.0000,0.0000
12,-2.5,0,0.0000,0.2348,0.6707,0.0001,0.0000,0.0000,0.0000
13,-2.5,0,0.0000,0.1806,0.6939,0.0199,0.0010,0.0000,0.0000
14,-2.5,0,0.0000,0.1176,0.7100,0.0479,0.0000,0.0000,0.0000
15,-2.5,0,0.0000,0.0918,0.7285,0.0789,0.0000,0.0000,0.0000
16,-2.5,0,0.0000,0.0481,0.7409,0.1190,0.0000,0.0000,0.0000
17,-2.5,0,0.0000,0.0253,0.7443,0.1990,0.0000,0.0000,0.0000
18,-2.5,0,0.0000,0.0004,0.7446,0.2591,0.0000,0.0000,0.0000
19,-2.5,0,0.0000,0.0000,0.7531,0.3346,0.0000,0.0000,0.0000
20,-2.5,0,0.0000,0.0000,0.7687,0.3899,0.0000,0.0000,0.0000
21,-2.5,0,0.0000,0.0000,0.7618,0.4334,0.0000,0.0000,0.0000
22,-2.5,0,0.0000,0.0000,0.7453,0.5148,0.0000,0.0000,0.0000
23,-2.5,0,0.0000,0.0000,0.7341,0.5577,0.0000,0.0000,0.0000
24,-2.5,0,0.0000,0.0000,0.7056,0.5718,0.0000,0.0000,0.0000
25,-2.5,0,0.0000,0.0000,0.7059,0.6123,0.0000,0.0000,0.0000
26,-2.5,0,0.0000,0.0000,0.6880,0.6337,0.0000,0.0000,0.0000
27,-2.5,0,0.0000,0.0000,0.6650,0.6532,0.0000,0.0000,0.0000
28,-2.5,0,0.0000,0.0000,0.6511,0.6725,0.0000,0.0000,0.0000
29,-2.5,0,0.0000,0.0000,0.6328,0.6972,0.0000,0.0000,0.0000
30,-2.5,0,0.0000,0.0000,0.6046,0.7095,0.0000,0.0000,0.0000
31,-2.5,0,0.0000,0.0000,0.5785,0.7303,0.0000,0.0000,0.0000
32,-2.5,0,0.0000,0.0000,0.5548,0.7486,0.0000,0.0000,0.0000
33,-2.5,0,0.0000,0.0000,0.5144,0.7537,0.0000,0.0000,0.0000
34,-2.5,0,0.0000,0.0000,0.4924,0.7694,0.0000,0.0000,0.0000
35,-2.5,0,0.0000,0.0000,0.4406,0.7884,0.0000,0.0000,0.0000
36,-2.5,0,0.0000,0.0000,0.3815,0.7913,0.0000,0.0000,0.0000
37,-2.5,0,0.0000,0.0000,0.3175,0.7992,0.0000,0.0000,0.0000
38,-2.5,0,0.0000,0.0000,0.2309,0.7989,0.0923,0.0000,0.0000
39,-2.5,0,0.0000,0.0000,0.1673,0.7957,0.1993,0.0000,0.0000
40,-2.5,0,0.0000,0.0000,0.1081,0.7997,0.2788,0.0000,0.0000
41,-2.5,0,0.0000,0.0000,0.0694,0.8066,0.3868,0.0000,0.0000
42,-2.5,0,0.0000,0.0000,0.0413,0.8084,0.4717,0.0000,0.0000
43,-2.5,0,0.0000,0.0000,0.0269,0.8216,0.5260,0.0000,0.0000
44,-2.5,0,0.0000,0.0000,0.0096,0.8164,0.5534,0.0000,0.0000
45,-2.5,0,0.0000,0.0000,0.0000,0.8093,0.5759,0.0000,0.0000
46,-2.5,0,0.0000,0.0000,0.0002,0.8043,0.5990,0.0000,0.0000
47,-2.5,0,0.0000,0.0000,0.0000,0.7886,0.6107,0.0000,0.0000
48,-2.5,0,0.0000,0.0000,0.0000,0.7718,0.6233,0.0000,0.0000
49,-2.5,0,0.0000,0.0000,0.0000,0.7506,0.6434,0.0000,0.0000
50,-2.5,0,0.0000,0.0000,0.0000,0.7376,0.6454,0.0000,0.0000
51,-2.5,0,0.0000,0.0000,0.0000,0.7135,0.6570,0.0000,0.0000
52,-2.5,0,0.0000,0.0000,0.0000,0.6905,0.6780,0.0000,0.0000
53,-2.5,0,0.0000,0.0000,0.0000,0.6719,0.7062,0.0000,0.0000
54,-2.5,0,0.0000,0.0000,0.0000,0.6407,0.7257,0.0000,0.0000
55,-2.5,0,0.0000,0.0000,0.0000,0.6094,0.7349,0.0000,0.0000
56,-2.5,0,0.0000,0.0000,0.0000,0.5856,0.7557,0.0000,0.0000
57,-2.5,0,0.0000,0.0000,0.0000,0.5442,0.7692,0.0000,0.0000
58,-2.5,0,0.0000,0.0000,0.0000,0.5053,0.7716,0.0000,0.0000
59,-2.5,0,0.0000,0.0000,0.0000,0.4525,0.7729,0.0000,0.0000
60,-2.5,0,0.0000,0.0000,0.0000,0.3984,0.7876,0.0000,0.0000
61,-2.5,0,0.0000,0.0000,0.0000,0.3626,0.7912,0.0000,0.0000
62,-2.5,0,0.0000,0.0000,0.0000,0.2928,0.7947,0.0197,0.0000
63,-2.5,0,0.0000,0.0000,0.0000,0.2152,0.8044,0.1034,0.0000
64,-2.5,0,0.0000,0.0000,0.0000,0.1619,0.8148,0.1702,0.0000
65,-2.5,0,0.0000,0.0000,0.0000,0.1088,0.8106,0.2650,0.0000
66,-2.5,0,0.0000,0.0000,0.0000,0.0742,0.8195,0.3627,0.0000
67,-2.5,0,0.0000,0.0000,0.0000,0.0305,0.8225,0.4473,0.0000
68,-2.5,0,0.0000,0.0000,0.0000,0.0132,0.8249,0.5521,0.0000
69,-2.5,0,0.0000,0.0000,0.0000,0.0000,0.8335,0.6507,0.0000
70,-2.5,0,0.0000,0.0000,0.0000,0.0000,0.8479,0.7026,0.0000
0,-5.0,0,0.0000,0.6141,0.4160,0.0000,0.0000,0.0000,0.0000
1,-5.0,0,0.0000,0.5895,0.4551,0.0000,0.0000,0.0000,0.0000
2,-5.0,0,0.0000,0.5356,0.4875,0.0000,0.0000,0.0000,0.0000
3,-5.0,0,0.0000,0.4819,0.5246,0.0000,0.0000,0.0000,0.0000
4,-5.0,0,0.0000,0.4673,0.5547,0.0000,0.0000,0.0000,0.0000
5,-5.0,0,0.0000,0.4710,0.5757,0.0000,0.0000,0.0000,0.0000
6,-5.0,0,0.0000,0.4662,0.5778,0.0000,0.0000,0.0000,0.0000
7,-5.0,0,0.0000,0.4565,0.5854,0.0000,0.0000,0.0000,0.0000
8,-5.0,0,0.0000,0.4401,0.5914,0.0000,0.0000,0.0000,0.0000
9,-5.0,0,0.0000,0.4128,0.6184,0.0008,0.0000,0.0000,0.0000
10,-5.0,0,0.0000,0.3916,0.6517,0.0000,0.0000,0.0000,0.0000
11,-5.0,0,0.0000,0.3730,0.6836,0.0009,0.0000,0.0000,0.0000
12,-5.0,0,0.0000,0.3403,0.7026,0.0000,0.0000,0.0000,0.0000
13,-5.0,0,0.0000,0.3186,0.7003,0.0227,0.0000,0.0000,0.0000
14,-5.0,0,0.0000,0.3010,0.7106,0.0981,0.0000,0.0000,0.0000
15,-5.0,0,0.0000,0.2725,0.7243,0.1209,0.0000,0.0000,0.0000
16,-5.0,0,0.0000,0.2234,0.7320,0.1644,0.0000,0.0000,0.0000
17,-5.0,0,0.0000,0.1877,0.7561,0.2599,0.0000,0.0000,0.0000
18,-5.0,0,0.0000,0.1235,0.7754,0.3379,0.0000,0.0000,0.0000
19,-5.0,0,0.0000,0.0575,0.7773,0.3880,0.0000,0.0000,0.0000
20,-5.0,0,0.0000,0.0180,0.7838,0.4386,0.0000,0.0000,0.0000
21,-5.0,0,0.0000,0.0000,0.7950,0.5175,0.0000,0.0000,0.0000
22,-5.0,0,0.0000,0.0000,0.7877,0.5526,0.0000,0.0000,0.0000
23,-5.0,0,0.0000,0.0000,0.7827,0.5582,0.0000,0.0000,0.0000
24,-5.0,0,0.0000,0.0000,0.7696,0.5794,0.0000,0.0000,0.0000
25,-5.0,0,0.0000,0.0000,0.7450,0.6011,0.0000,0.0000,0.0000
26,-5.0,0,0.0000,0.0000,0.7331,0.6293,0.0000,0.0000,0.0000
27,-5.0,0,0.0000,0.0000,0.7118,0.6571,0.0000,0.0000,0.0000
28,-5.0,0,0.0000,0.0000,0.6938,0.6892,0.0000,0.0000,0.0000
29,-5.0,0,0.0000,0.0000,0.6741,0.7054,0.0000,0.0000,0.0000
30,-5.0,0,0.0000,0.0000,0.6499,0.7233,0.0000,0.0000,0.0000
31,-5.0,0,0.0000,0.0000,0.6443,0.7186,0.0000,0.0000,0.0000
32,-5.0,0,0.0000,0.0000,0.6195,0.7301,0.0000,0.0000,0.0000
33,-5.0,0,0.0000,0.0000,0.5969,0.7508,0.0000,0.0000,0.0000
34,-5.0,0,0.0000,0.0000,0.5577,0.7691,0.0000,0.0000,0.0000
35,-5.0,0,0.0000,0.0000,0.5305,0.7764,0.0000,0.0000,0.0000
36,-5.0,0,0.0000,0.0000,0.4909,0.7825,0.0000,0.0000,0.0000
37,-5.0,0,0.0000,0.0000,0.4573,0.7886,0.0311,0.0000,0.0000
38,-5.0,0,0.0000,0.0000,0.4096,0.7838,0.1316,0.0000,0.0000
39,-5.0,0,0.0000,0.0000,0.3679,0.7876,0.2439,0.0000,0.0000
40,-5.0,0,0.0000,0.0000,0.3056,0.7880,0.3677,0.0000,0.0000
41,-5.0,0,0.0000,0.0000,0.2698,0.7880,0.4364,0.0000,0.0000
42,-5.0,0,0.0000,0.0000,0.2081,0.7946,0.5089,0.0000,0.0000
43,-5.0,0,0.0000,0.0000,0.1365,0.7985,0.5516,0.0000,0.0000
44,-5.0,0,0.0000,0.0000,0.0638,0.8032,0.5726,0.0000,0.0000
45,-5.0,0,0.0000,0.0000,0.0270,0.7983,0.5893,0.0000,0.0000
46,-5.0,0,0.0000,0.0000,0.0000,0.7847,0.5868,0.0000,0.0000
47,-5.0,0,0.0000,0.0000,0.0000,0.7823,0.5959,0.0000,0.0000
48,-5.0,0,0.0000,0.0000,0.0000,0.7668,0.5916,0.0000,0.0000
49,-5.0,0,0.0000,0.0000,0.0000,0.7490,0.5954,0.0000,0.0000
50,-5.0,0,0.0000,0.0000,0.0000,0.7375,0.6176,0.0000,0.0000
51,-5.0,0,0.0000,0.0000,0.0000,0.7276,0.6470,0.0000,0.0000
52,-5.0,0,0.0000,0.0000,0.0000,0.7114,0.6551,0.0000,0.0000
53,-5.0,0,0.0000,0.0000,0.0000,0.6773,0.6883,0.0000,0.0000
54,-5.0,0,0.0000,0.0000,0.0000,0.6510,0.7156,0.0000,0.0000
55,-5.0,0,0.0000,0.0000,0.0000,0.6354,0.7402,0.0000,0.0000
56,-5.0,0,0.0000,0.0000,0.0000,0.6089,0.7562,0.0000,0.0000
57,-5.0,0,0.0000,0.0000,0.0000,0.5953,0.7651,0.0000,0.0000
58,-5.0,0,0.0000,0.0000,0.0000,0.5788,0.7775,0.0000,0.0000
59,-5.0,0,0.0000,0.0000,0.0000,0.5391,0.7923,0.0000,0.0000
60,-5.0,0,0.0000,0.0000,0.0000,0.4896,0.8062,0.0000,0.0000
61,-5.0,0,0.0000,0.0000,0.0000,0.4303,0.8087,0.0000,0.0000
62,-5.0,0,0.0000,0.0000,0.0000,0.3767,0.8141,0.0513,0.0000
63,-5.0,0,0.0000,0.0000,0.0000,0.3398,0.8241,0.1157,0.0000
64,-5.0,0,0.0000,0.0000,0.0000,0.2688,0.8272,0.2093,0.0000
65,-5.0,0,0.0000,0.0000,0.0000,0.2053,0.8400,0.3099,0.0000
66,-5.0,0,0.0000,0.0000,0.0000,0.1728,0.8402,0.3876,0.0000
67,-5.0,0,0.0000,0.0000,0.0000,0.1207,0.8444,0.4928,0.0000
68,-5.0,0,0.0000,0.0000,0.0000,0.0786,0.8490,0.5648,0.0000
69,-5.0,0,0.0000,0.0000,0.0000,0.0158,0.8536,0.6305,0.0000
70,-5.0,0,0.0000,0.0000,0.0000,0.0000,0.8541,0.6986,0.0000
0,-7.5,0,0.0000,0.6061,0.3538,0.0000,0.0000,0.0000,0.0000
1,-7.5,0,0.0000,0.6113,0.3729,0.0000,0.0000,0.0000,0.0000
2,-7.5,0,0.0000,0.6138,0.3874,0.0000,0.0000,0.0000,0.0000
3,-7.5,0,0.0000,0.6110,0.4364,0.0000,0.0000,0.0000,0.0000
4,-7.5,0,0.0000,0.6076,0.4603,0.0000,0.0000,0.0000,0.0000
5,-7.5,0,0.0000,0.6032,0.4849,0.0000,0.0000,0.0000,0.0000
6,-7.5,0,0.0000,0.5832,0.5148,0.0000,0.0000,0.0000,0.0000
7,-7.5,0,0.0000,0.5576,0.5442,0.0056,0.0000,0.0000,0.0000
8,-7.5,0,0.0000,0.5139,0.5778,0.0074,0.0000,0.0000,0.0000
9,-7.5,0,0.0000,0.4880,0.6192,0.0119,0.0000,0.0000,0.0000
10,-7.5,0,0.0000,0.4905,0.6719,0.0037,0.0000,0.0000,0.0000
11,-7.5,0,0.0000,0.4610,0.6930,0.0000,0.0000,0.0000,0.0000
12,-7.5,0,0.0000,0.4395,0.7300,0.0256,0.0000,0.0000,0.0000
13,-7.5,0,0.0000,0.4035,0.7358,0.0604,0.0000,0.0000,0.0000
14,-7.5,0,0.0000,0.3855,0.7353,0.0802,0.0000,0.0000,0.0000
15,-7.5,0,0.0000,0.3632,0.7532,0.1191,0.0000,0.0000,0.0000
16,-7.5,0,0.0000,0.3342,0.7645,0.1664,0.0000,0.0000,0.0000
17,-7.5,0,0.0000,0.2861,0.7846,0.2297,0.0000,0.0000,0.0000
18,-7.5,0,0.0000,0.2392,0.7983,0.3164,0.0000,0.0000,0.0000
19,-7.5,0,0.0000,0.1975,0.8028,0.3707,0.0000,0.0000,0.0000
20,-7.5,0,0.0000,0.1276,0.8064,0.4521,0.0000,0.0000,0.0000
21,-7.5,0,0.0000,0.0846,0.8068,0.5004,0.0000,0.0000,0.0000
22,-7.5,0,0.0000,0.0300,0.8058,0.5302,0.0000,0.0000,0.0000
23,-7.5,0,0.0000,0.0009,0.8014,0.5441,0.0000,0.0000,0.0000
24,-7.5,0,0.0000,0.0000,0.8042,0.5628,0.0000,0.0000,0.0000
25,-7.5,0,0.0000,0.0000,0.7928,0.5940,0.0000,0.0000,0.0000
26,-7.5,0,0.0000,0.0000,0.7822,0.6243,0.0000,0.0000,0.0000
27,-7.5,0,0.0000,0.0000,0.7780,0.6360,0.0000,0.0000,0.0000
28,-7.5,0,0.0000,0.0000,0.7723,0.6567,0.0000,0.0000,0.0000
29,-7.5,0,0.0000,0.0000,0.7611,0.6685,0.0000,0.0000,0.0000
30,-7.5,0,0.0000,0.0000,0.7516,0.6925,0.0000,0.0000,0.0000
31,-7.5,0,0.0000,0.0000,0.7263,0.7101,0.0000,0.0000,0.0000
32,-7.5,0,0.0000,0.0000,0.6995,0.7379,0.0000,0.0000,0.0000
33,-7.5,0,0.0000,0.0000,0.6736,0.7613,0.0000,0.0000,0.0000
34,-7.5,0,0.0000,0.0000,0.6499,0.7767,0.0000,0.0000,0.0000
35,-7.5,0,0.0000,0.0000,0.6031,0.7761,0.0000,0.0000,0.0000
36,-7.5,0,0.0000,0.0000,0.5731,0.7793,0.0000,0.0000,0.0000
37,-7.5,0,0.0000,0.0000,0.5363,0.7752,0.0086,0.0000,0.0000
38,-7.5,0,0.0000,0.0000,0.4819,0.7792,0.1398,0.0000,0.0000
39,-7.5,0,0.0000,0.0000,0.4184,0.7774,0.2541,0.0000,0.0000
40,-7.5,0,0.0000,0.0000,0.3561,0.7881,0.3228,0.0000,0.0000
41,-7.5,0,0.0000,0.0000,0.2918,0.7859,0.4006,0.0000,0.0000
42,-7.5,0,0.0000,0.0000,0.2568,0.7922,0.4595,0.0000,0.0000
43,-7.5,0,0.0000,0.0000,0.2427,0.7906,0.5384,0.0000,0.0000
44,-7.5,0,0.0000,0.0000,0.1896,0.7894,0.5671,0.0000,0.0000
45,-7.5,0,0.0000,0.0000,0.1610,0.7914,0.5700,0.0000,0.0000
46,-7.5,0,0.0000,0.0000,0.1233,0.7797,0.5849,0.0000,0.0000
47,-7.5,0,0.0000,0.0000,0.0520,0.7698,0.5780,0.0000,0.0000
48,-7.5,0,0.0000,0.0000,0.0000,0.7786,0.5877,0.0000,0.0000
49,-7.5,0,0.0000,0.0000,0.0000,0.7752,0.5908,0.0000,0.0000
50,-7.5,0,0.0000,0.0000,0.0000,0.7737,0.5849,0.0000,0.0000
51,-7.5,0,0.0000,0.0000,0.0000,0.7660,0.5989,0.0000,0.0000
52,-7.5,0,0.0000,0.0000,0.0000,0.7565,0.6201,0.0000,0.0000
53,-7.5,0,0.0000,0.0000,0.0000,0.7480,0.6180,0.0000,0.0000
54,-7.5,0,0.0000,0.0000,0.0000,0.7352,0.6637,0.0000,0.0000
55,-7.5,0,0.0000,0.0000,0.0000,0.7176,0.7016,0.0000,0.0000
56,-7.5,0,0.0000,0.0000,0.0000,0.6822,0.7430,0.0000,0.0000
57,-7.5,0,0.0000,0.0000,0.0000,0.6559,0.7586,0.0000,0.0000
58,-7.5,0,0.0000,0.0000,0.0000,0.6239,0.7758,0.0000,0.0000
59,-7.5,0,0.0000,0.0000,0.0000,0.6034,0.7817,0.0000,0.0000
60,-7.5,0,0.0000,0.0000,0.0000,0.5622,0.7948,0.0000,0.0000
61,-7.5,0,0.0000,0.0000,0.0000,0.5342,0.8148,0.0000,0.0000
62,-7.5,0,0.0000,0.0000,0.0000,0.4793,0.8304,0.0479,0.0000
63,-7.5,0,0.0000,0.0000,0.0000,0.4119,0.8434,0.1380,0.0000
64,-7.5,0,0.0000,0.0000,0.0000,0.3531,0.8541,0.2115,0.0000
65,-7.5,0,0.0000,0.0000,0.0000,0.2984,0.8604,0.3091,0.0000
66,-7.5,0,0.0000,0.0000,0.0000,0.2538,0.8641,0.3568,0.0000
67,-7.5,0,0.0000,0.0000,0.0000,0.2059,0.8687,0.4395,0.0000
68,-7.5,0,0.0000,0.0000,0.0000,0.1610,0.8796,0.4959,0.0000
69,-7.5,0,0.0000,0.0000,0.0000,0.1087,0.8807,0.5734,0.0000
70,-7.5,0,0.0000,0.0000,0.0000,0.0633,0.8870,0.6395,0.0000
0,-10.0,0,0.0000,0.6929,0.2564,0.0000,0.0000,0.0000,0.0000
1,-10.0,0,0.0000,0.6919,0.2966,0.0000,0.0000,0.0000,0.0000
2,-10.0,0,0.0000,0.6918,0.3439,0.0000,0.0000,0.0000,0.0000
3,-10.0,0,0.0000,0.6835,0.3972,0.0000,0.0000,0.0000,0.0000
4,-10.0,0,0.0000,0.6642,0.4775,0.0000,0.0000,0.0000,0.0000
5,-10.0,0,0.0000,0.6458,0.5183,0.0000,0.0000,0.0000,0.0000
6,-10.0,0,0.0000,0.6173,0.5593,0.0000,0.0000,0.0000,0.0000
7,-10.0,0,0.0000,0.5929,0.6036,0.0138,0.0000,0.0000,0.0000
8,-10.0,0,0.0000,0.5493,0.6228,0.0126,0.0000,0.0000,0.0000
9,-10.0,0,0.0000,0.5213,0.6480,0.0048,0.0000,0.0000,0.0000
10,-10.0,0,0.0000,0.4918,0.6832,0.0000,0.0000,0.0000,0.0000
11,-10.0,0,0.0000,0.4632,0.7374,0.0029,0.0000,0.0000,0.0000
12,-10.0,0,0.0000,0.4428,0.7703,0.0000,0.0000,0.0000,0.0000
13,-10.0,0,0.0000,0.4182,0.7990,0.0071,0.0000,0.0000,0.0000
14,-10.0,0,0.0000,0.3983,0.8177,0.0466,0.0000,0.0000,0.0000
15,-10.0,0,0.0000,0.3542,0.8312,0.0690,0.0000,0.0000,0.0000
16,-10.0,0,0.0000,0.3323,0.8325,0.1169,0.0000,0.0000,0.0000
17,-10.0,0,0.0000,0.2941,0.8337,0.1835,0.0000,0.0000,0.0000
18,-10.0,0,0.0000,0.2564,0.8380,0.2445,0.0000,0.0000,0.0000
19,-10.0,0,0.0000,0.2074,0.8448,0.3168,0.0000,0.0000,0.0000
20,-10.0,0,0.0000,0.1717,0.8508,0.3881,0.0000,0.0000,0.0000
21,-10.0,0,0.0000,0.1250,0.8503,0.4582,0.0000,0.0000,0.0000
22,-10.0,0,0.0000,0.0597,0.8481,0.4771,0.0000,0.0000,0.0000
23,-10.0,0,0.0000,0.0305,0.8416,0.4975,0.0000,0.0000,0.0000
24,-10.0,0,0.0000,0.0000,0.8304,0.5354,0.0000,0.0000,0.0000
25,-10.0,0,0.0000,0.0000,0.8261,0.5565,0.0000,0.0000,0.0000
26,-10.0,0,0.0000,0.0000,0.8183,0.5977,0.0000,0.0000,0.0000
27,-10.0,0,0.0000,0.0000,0.8038,0.6322,0.0000,0.0000,0.0000
28,-10.0,0,0.0000,0.0000,0.7917,0.6845,0.0000,0.0000,0.0000
29,-10.0,0,0.0000,0.0000,0.7747,0.7082,0.0000,0.0000,0.0000
30,-10.0,0,0.0000,0.0000,0.7550,0.7312,0.0000,0.0000,0.0000
31,-10.0,0,0.0000,0.0000,0.7351,0.7520,0.0000,0.0000,0.0000
32,-10.0,0,0.0000,0.0000,0.7215,0.7801,0.0000,0.0000,0.0000
33,-10.0,0,0.0000,0.0000,0.6948,0.7873,0.0000,0.0000,0.0000
34,-10.0,0,0.0000,0.0000,0.6678,0.7945,0.0000,0.0000,0.0000
35,-10.0,0,0.0000,0.0000,0.6472,0.8017,0.0000,0.0000,0.0000
36,-10.0,0,0.0000,0.0000,0.6134,0.8068,0.0000,0.0000,0.0000
37,-10.0,0,0.0000,0.0000,0.5784,0.8095,0.0000,0.0000,0.0000
38,-10.0,0,0.0000,0.0000,0.5379,0.8086,0.0000,0.0000,0.0000
39,-10.0,0,0.0000,0.0000,0.4884,0.8162,0.1262,0.0000,0.0000
40,-10.0,0,0.0000,0.0000,0.4138,0.8202,0.2496,0.0000,0.0000
41,-10.0,0,0.0000,0.0000,0.3472,0.8282,0.3203,0.0000,0.0000
42,-10.0,0,0.0000,0.0000,0.2877,0.8225,0.4139,0.0000,0.0000
43,-10.0,0,0.0000,0.0000,0.2532,0.8186,0.4483,0.0000,0.0000
44,-10.0,0,0.0000,0.0000,0.2054,0.8139,0.4955,0.0000,0.0000
45,-10.0,0,0.0000,0.0000,0.1774,0.8123,0.5180,0.0000,0.0000
46,-10.0,0,0.0000,0.0000,0.1376,0.8220,0.5421,0.0000,0.0000
47,-10.0,0,0.0000,0.0000,0.1189,0.8218,0.5320,0.0000,0.0000
48,-10.0,0,0.0000,0.0000,0.0568,0.8186,0.5321,0.0000,0.0000
49,-10.0,0,0.0000,0.0000,0.0000,0.8106,0.5404,0.0000,0.0000
50,-10.0,0,0.0000,0.0000,0.0000,0.8044,0.5683,0.0000,0.0000
51,-10.0,0,0.0000,0.0000,0.0000,0.7864,0.6045,0.0000,0.0000
52,-10.0,0,0.0000,0.0000,0.0000,0.7673,0.6384,0.0000,0.0000
53,-10.0,0,0.0000,0.0000,0.0000,0.7632,0.6647,0.0000,0.0000
54,-10.0,0,0.0000,0.0000,0.0000,0.7497,0.6840,0.0000,0.0000
55,-10.0,0,0.0000,0.0000,0.0000,0.7332,0.7276,0.0000,0.0000
56,-10.0,0,0.0000,0.0000,0.0000,0.7109,0.7424,0.0000,0.0000
57,-10.0,0,0.0000,0.0000,0.0000,0.6881,0.7658,0.0000,0.0000
58,-10.0,0,0.0000,0.0000,0.0000,0.6619,0.7786,0.0000,0.0000
59,-10.0,0,0.0000,0.0000,0.0000,0.6408,0.7861,0.0000,0.0000
60,-10.0,0,0.0000,0.0000,0.0000,0.6116,0.7942,0.0071,0.0000
61,-10.0,0,0.0000,0.0000,0.0000,0.5804,0.8231,0.0078,0.0000
62,-10.0,0,0.0000,0.0000,0.0000,0.5382,0.8437,0.0048,0.0000
63,-10.0,0,0.0000,0.0000,0.0000,0.4754,0.8552,0.0424,0.0000
64,-10.0,0,0.0000,0.0000,0.0000,0.4170,0.8668,0.1415,0.0000
65,-10.0,0,0.0000,0.0000,0.0000,0.3373,0.8731,0.2252,0.0000
66,-10.0,0,0.0000,0.0000,0.0000,0.2729,0.8800,0.3043,0.0000
67,-10.0,0,0.0000,0.0000,0.0000,0.2382,0.8807,0.3543,0.0000
68,-10.0,0,0.0000,0.0000,0.0000,0.1696,0.8829,0.4249,0.0000
69,-10.0,0,0.0000,0.0000,0.0000,0.1400,0.8800,0.4842,0.0000
70,-10.0,0,0.0000,0.0000,0.0000,0.0979,0.8838,0.5640,0.0000
0,-12.5,0,0.0000,0.7123,0.4090,0.0000,0.0000,0.0000,0.0000
1,-12.5,0,0.0000,0.7123,0.4460,0.0000,0.0000,0.0000,0.0000
2,-12.5,0,0.0000,0.7041,0.4845,0.0000,0.0000,0.0000,0.0000
3,-12.5,0,0.0000,0.6796,0.5317,0.0000,0.0000,0.0000,0.0000
4,-12.5,0,0.0000,0.6649,0.5522,0.0000,0.0000,0.0000,0.0000
5,-12.5,0,0.0000,0.6377,0.5786,0.0000,0.0000,0.0000,0.0000
6,-12.5,0,0.0000,0.6185,0.6245,0.0000,0.0000,0.0000,0.0000
7,-12.5,0,0.0000,0.5930,0.6693,0.0000,0.0000,0.0000,0.0000
8,-12.5,0,0.0000,0.5637,0.7128,0.0000,0.0000,0.0000,0.0000
9,-12.5,0,0.0000,0.5372,0.7531,0.0000,0.0000,0.0000,0.0000
10,-12.5,0,0.0000,0.5078,0.7698,0.0000,0.0000,0.0000,0.0000
11,-12.5,0,0.0000,0.4761,0.8074,0.0000,0.0000,0.0000,0.0000
12,-12.5,0,0.0000,0.4400,0.8227,0.0000,0.0000,0.0000,0.0000
13,-12.5,0,0.0000,0.4015,0.8391,0.0000,0.0000,0.0000,0.0000
14,-12.5,0,0.0000,0.3627,0.8491,0.0106,0.0000,0.0000,0.0000
15,-12.5,0,0.0000,0.3393,0.8449,0.0350,0.0000,0.0000,0.0000
16,-12.5,0,0.0000,0.2897,0.8561,0.0592,0.0000,0.0000,0.0000
17,-12.5,0,0.0000,0.2693,0.8593,0.0877,0.0000,0.0000,0.0000
18,-12.5,0,0.0000,0.2323,0.8586,0.1220,0.0000,0.0000,0.0000
19,-12.5,0,0.0000,0.1937,0.8648,0.1710,0.0000,0.0000,0.0000
20,-12.5,0,0.0000,0.1559,0.8686,0.2498,0.0000,0.0000,0.0000
21,-12.5,0,0.0000,0.1275,0.8658,0.3206,0.0000,0.0000,0.0000
22,-12.5,0,0.0000,0.0836,0.8613,0.4200,0.0000,0.0000,0.0000
23,-12.5,0,0.0000,0.0422,0.8482,0.5059,0.0000,0.0000,0.0000
24,-12.5,0,0.0000,0.0124,0.8427,0.5688,0.0000,0.0000,0.0000
25,-12.5,0,0.0000,0.0000,0.8358,0.6152,0.0000,0.0000,0.0000
26,-12.5,0,0.0000,0.0000,0.8256,0.6503,0.0000,0.0000,0.0000
27,-12.5,0,0.0000,0.0000,0.8098,0.7156,0.0000,0.0000,0.0000
28,-12.5,0,0.0000,0.0000,0.7997,0.7580,0.0000,0.0000,0.0000
29,-12.5,0,0.0000,0.0000,0.7861,0.7764,0.0000,0.0000,0.0000
30,-12.5,0,0.0000,0.0000,0.7699,0.7923,0.0000,0.0000,0.0000
31,-12.5,0,0.0000,0.0000,0.7461,0.7950,0.0000,0.0000,0.0000
32,-12.5,0,0.0000,0.0000,0.7163,0.8202,0.0000,0.0000,0.0000
33,-12.5,0,0.0000,0.0000,0.6837,0.8336,0.0000,0.0000,0.0000
34,-12.5,0,0.0000,0.0000,0.6530,0.8382,0.0000,0.0000,0.0000
35,-12.5,0,0.0000,0.0000,0.6267,0.8376,0.0000,0.0000,0.0000
36,-12.5,0,0.0000,0.0000,0.6050,0.8462,0.0000,0.0000,0.0000
37,-12.5,0,0.0000,0.0000,0.5796,0.8525,0.0000,0.0000,0.0000
38,-12.5,0,0.0000,0.0000,0.5296,0.8553,0.0000,0.0000,0.0000
39,-12.5,0,0.0000,0.0000,0.4865,0.8588,0.0000,0.0000,0.0000
40,-12.5,0,0.0000,0.0000,0.4199,0.8603,0.0610,0.0000,0.0000
41,-12.5,0,0.0000,0.0000,0.3509,0.8572,0.1763,0.0000,0.0000
42,-12.5,0,0.0000,0.0000,0.2912,0.8623,0.2535,0.0000,0.0000
43,-12.5,0,0.0000,0.0000,0.2346,0.8606,0.3207,0.0000,0.0000
44,-12.5,0,0.0000,0.0000,0.2004,0.8528,0.3618,0.0000,0.0000
45,-12.5,0,0.0000,0.0000,0.1769,0.8510,0.3732,0.0000,0.0000
46,-12.5,0,0.0000,0.0000,0.1577,0.8443,0.4484,0.0000,0.0000
47,-12.5,0,0.0000,0.0000,0.1314,0.8371,0.5247,0.0000,0.0000
48,-12.5,0,0.0000,0.0000,0.0950,0.8277,0.5616,0.0000,0.0000
49,-12.5,0,0.0000,0.0000,0.0523,0.8116,0.5871,0.0000,0.0000
50,-12.5,0,0.0000,0.0000,0.0000,0.8034,0.6137,0.0000,0.0000
51,-12.5,0,0.0000,0.0000,0.0000,0.7928,0.6351,0.0000,0.0000
52,-12.5,0,0.0000,0.0000,0.0000,0.7809,0.6373,0.0000,0.0000
53,-12.5,0,0.0000,0.0000,0.0000,0.7732,0.6625,0.0000,0.0000
54,-12.5,0,0.0000,0.0000,0.0000,0.7562,0.7015,0.0000,0.0000
55,-12.5,0,0.0000,0.0000,0.0000,0.7447,0.7367,0.0000,0.0000
56,-12.5,0,0.0000,0.0000,0.0000,0.7262,0.7611,0.0000,0.0000
57,-12.5,0,0.0000,0.0000,0.0000,0.7070,0.7802,0.0000,0.0000
58,-12.5,0,0.0000,0.0000,0.0000,0.6768,0.7915,0.0000,0.0000
59,-12.5,0,0.0000,0.0000,0.0000,0.6467,0.7989,0.0000,0.0000
60,-12.5,0,0.0000,0.0000,0.0000,0.6154,0.8111,0.0077,0.0000
61,-12.5,0,0.0000,0.0000,0.0000,0.5721,0.8290,0.0007,0.0000
62,-12.5,0,0.0000,0.0000,0.0000,0.5276,0.8475,0.0082,0.0000
63,-12.5,0,0.0000,0.0000,0.0000,0.4873,0.8556,0.0263,0.0000
64,-12.5,0,0.0000,0.0000,0.0000,0.4301,0.8658,0.0507,0.0000
65,-12.5,0,0.0000,0.0000,0.0000,0.3777,0.8782,0.0849,0.0000
66,-12.5,0,0.0000,0.0000,0.0000,0.2867,0.8743,0.1878,0.0000
67,-12.5,0,0.0000,0.0000,0.0000,0.2342,0.8822,0.2288,0.0000
68,-12.5,0,0.0000,0.0000,0.0000,0.1888,0.8820,0.3006,0.0000
69,-12.5,0,0.0000,0.0000,0.0000,0.1549,0.8861,0.3908,0.0000
70,-12.5,0,0.0000,0.0000,0.0000,0.1157,0.8782,0.4706,0.0000
0,-15.0,0,0.0000,0.7283,0.5170,0.0000,0.0014,0.0000,0.0000
1,-15.0,0,0.0000,0.7139,0.5518,0.0000,0.0000,0.0000,0.0000
2,-15.0,0,0.0000,0.6909,0.5733,0.0000,0.0000,0.0000,0.0000
3,-15.0,0,0.0000,0.6752,0.6092,0.0000,0.0000,0.0000,0.0000
4,-15.0,0,0.0000,0.6408,0.6413,0.0000,0.0000,0.0000,0.0000
5,-15.0,0,0.0000,0.6106,0.6889,0.0000,0.0000,0.0000,0.0000
6,-15.0,0,0.0000,0.5901,0.7200,0.0000,0.0000,0.0000,0.0000
7,-15.0,0,0.0000,0.5686,0.7580,0.0000,0.0000,0.0000,0.0000
8,-15.0,0,0.0000,0.5346,0.7935,0.0000,0.0000,0.0000,0.0000
9,-15.0,0,0.0000,0.4911,0.8256,0.0000,0.0000,0.0000,0.0000
10,-15.0,0,0.0000,0.4703,0.8457,0.0000,0.0000,0.0000,0.0000
11,-15.0,0,0.0000,0.4312,0.8582,0.0000,0.0000,0.0000,0.0000
12,-15.0,0,0.0000,0.4078,0.8627,0.0000,0.0000,0.0000,0.0000
13,-15.0,0,0.0000,0.3520,0.8705,0.0000,0.0000,0.0000,0.0000
14,-15.0,0,0.0000,0.3146,0.8745,0.0065,0.0000,0.0000,0.0000
15,-15.0,0,0.0000,0.2739,0.8727,0.0000,0.0000,0.0000,0.0000
16,-15.0,0,0.0000,0.2359,0.8736,0.0132,0.0000,0.0000,0.0000
17,-15.0,0,0.0000,0.2228,0.8758,0.0733,0.0000,0.0000,0.0000
18,-15.0,0,0.0000,0.1835,0.8813,0.1434,0.0000,0.0000,0.0000
19,-15.0,0,0.0000,0.1611,0.8819,0.2459,0.0000,0.0000,0.0000
20,-15.0,0,0.0000,0.1291,0.8840,0.3170,0.0000,0.0000,0.0000
21,-15.0,0,0.0000,0.0961,0.8790,0.4055,0.0000,0.0000,0.0000
22,-15.0,0,0.0000,0.0609,0.8679,0.5066,0.0000,0.0000,0.0000
23,-15.0,0,0.0000,0.0214,0.8626,0.6047,0.0000,0.0000,0.0000
24,-15.0,0,0.0000,0.0041,0.8557,0.6655,0.0000,0.0000,0.0000
25,-15.0,0,0.0000,0.0000,0.8445,0.7150,0.0000,0.0000,0.0000
26,-15.0,0,0.0000,0.0000,0.8243,0.7503,0.0000,0.0000,0.0000
27,-15.0,0,0.0000,0.0000,0.8128,0.7756,0.0000,0.0000,0.0000
28,-15.0,0,0.0000,0.0000,0.7969,0.8063,0.0000,0.0000,0.0000
29,-15.0,0,0.0000,0.0000,0.7784,0.8257,0.0000,0.0000,0.0000
30,-15.0,0,0.0000,0.0000,0.7543,0.8439,0.0000,0.0000,0.0000
31,-15.0,0,0.0000,0.0000,0.7234,0.8544,0.0000,0.0000,0.0000
32,-15.0,0,0.0000,0.0000,0.6939,0.8620,0.0000,0.0000,0.0000
33,-15.0,0,0.0000,0.0000,0.6677,0.8671,0.0000,0.0000,0.0000
34,-15.0,0,0.0000,0.0000,0.6345,0.8709,0.0000,0.0000,0.0000
35,-15.0,0,0.0000,0.0000,0.6079,0.8756,0.0000,0.0000,0.0000
36,-15.0,0,0.0000,0.0000,0.5736,0.8771,0.0000,0.0000,0.0000
37,-15.0,0,0.0000,0.0000,0.5427,0.8806,0.0000,0.0000,0.0000
38,-15.0,0,0.0000,0.0000,0.5121,0.8809,0.0000,0.0000,0.0000
39,-15.0,0,0.0000,0.0000,0.4658,0.8864,0.0000,0.0000,0.0000
40,-15.0,0,0.0000,0.0000,0.4083,0.8826,0.0000,0.0000,0.0000
41,-15.0,0,0.0000,0.0000,0.3287,0.8822,0.0364,0.0000,0.0000
42,-15.0,0,0.0000,0.0000,0.2689,0.8767,0.1436,0.0000,0.0000
43,-15.0,0,0.0000,0.0000,0.1975,0.8773,0.2419,0.0000,0.0000
44,-15.0,0,0.0000,0.0000,0.1639,0.8708,0.3404,0.0000,0.0000
45,-15.0,0,0.0000,0.0000,0.1384,0.8658,0.4201,0.0000,0.0000
46,-15.0,0,0.0000,0.0000,0.1306,0.8534,0.5146,0.0000,0.0000
47,-15.0,0,0.0000,0.0000,0.0960,0.8434,0.5752,0.0000,0.0000
48,-15.0,0,0.0000,0.0000,0.0619,0.8359,0.6083,0.0000,0.0000
49,-15.0,0,0.0000,0.0000,0.0448,0.8243,0.6210,0.0000,0.0000
50,-15.0,0,0.0000,0.0000,0.0135,0.8145,0.6369,0.0000,0.0000
51,-15.0,0,0.0000,0.0000,0.0000,0.8016,0.6677,0.0000,0.0000
52,-15.0,0,0.0000,0.0000,0.0000,0.7818,0.6989,0.0000,0.0000
53,-15.0,0,0.0000,0.0000,0.0000,0.7701,0.7343,0.0000,0.0000
54,-15.0,0,0.0000,0.0000,0.0000,0.7493,0.7640,0.0000,0.0000
55,-15.0,0,0.0000,0.0000,0.0000,0.7288,0.7899,0.0000,0.0000
56,-15.0,0,0.0000,0.0000,0.0000,0.7116,0.8039,0.0000,0.0000
57,-15.0,0,0.0000,0.0000,0.0000,0.6849,0.8220,0.0000,0.0000
58,-15.0,0,0.0000,0.0000,0.0000,0.6561,0.8228,0.0000,0.0000
59,-15.0,0,0.0000,0.0000,0.0000,0.6207,0.8374,0.0000,0.0000
60,-15.0,0,0.0000,0.0000,0.0000,0.5889,0.8514,0.0000,0.0000
61,-15.0,0,0.0000,0.0000,0.0000,0.5445,0.8633,0.0000,0.0000
62,-15.0,0,0.0000,0.0000,0.0000,0.4945,0.8707,0.0000,0.0000
63,-15.0,0,0.0000,0.0000,0.0000,0.4569,0.8746,0.0086,0.0000
64,-15.0,0,0.0000,0.0000,0.0000,0.4119,0.8854,0.0059,0.0000
65,-15.0,0,0.0000,0.0000,0.0000,0.3542,0.8833,0.0405,0.0000
66,-15.0,0,0.0000,0.0000,0.0000,0.2909,0.8831,0.1536,0.0000
67,-15.0,0,0.0000,0.0000,0.0000,0.2368,0.8789,0.2336,0.0000
68,-15.0,0,0.0000,0.0000,0.0000,0.2020,0.8764,0.3226,0.0000
69,-15.0,0,0.0000,0.0000,0.0000,0.1475,0.8762,0.3910,0.0000
70,-15.0,0,0.0000,0.0049,0.0000,0.0911,0.8699,0.4439,0.0000
0,-17.5,0,0.0000,0.7363,0.6285,0.0000,0.0000,0.0000,0.0000
1,-17.5,0,0.0000,0.7301,0.6401,0.0000,0.0000,0.0000,0.0000
2,-17.5,0,0.0000,0.7100,0.6529,0.0000,0.0000,0.0000,0.0000
3,-17.5,0,0.0000,0.6761,0.6668,0.0000,0.0000,0.0000,0.0000
4,-17.5,0,0.0000,0.6409,0.6967,0.0000,0.0000,0.0000,0.0000
5,-17.5,0,0.0000,0.5983,0.7451,0.0002,0.0000,0.0000,0.0000
6,-17.5,0,0.0000,0.5550,0.7711,0.0000,0.0000,0.0000,0.0000
7,-17.5,0,0.0000,0.4952,0.8096,0.0000,0.0000,0.0000,0.0000
8,-17.5,0,0.0000,0.4543,0.8441,0.0000,0.0000,0.0000,0.0000
9,-17.5,0,0.0000,0.4070,0.8591,0.0000,0.0000,0.0000,0.0000
10,-17.5,0,0.0000,0.3591,0.8712,0.0015,0.0000,0.0000,0.0000
11,-17.5,0,0.0000,0.3225,0.8809,0.0026,0.0000,0.0000,0.0000
12,-17.5,0,0.0000,0.2973,0.8861,0.0158,0.0000,0.0000,0.0000
13,-17.5,0,0.0000,0.2639,0.8834,0.0073,0.0000,0.0000,0.0000
14,-17.5,0,0.0000,0.2390,0.8884,0.0315,0.0000,0.0000,0.0000
15,-17.5,0,0.0000,0.1975,0.8847,0.0534,0.0000,0.0000,0.0000
16,-17.5,0,0.0000,0.1728,0.8907,0.1501,0.0000,0.0000,0.0000
17,-17.5,0,0.0000,0.1323,0.8849,0.2173,0.0000,0.0000,0.0000
18,-17.5,0,0.0000,0.1005,0.8917,0.2902,0.0000,0.0000,0.0000
19,-17.5,0,0.0000,0.0819,0.8903,0.3225,0.0000,0.0000,0.0000
20,-17.5,0,0.0000,0.0667,0.8891,0.4125,0.0000,0.0000,0.0000
21,-17.5,0,0.0000,0.0631,0.8879,0.5247,0.0000,0.0000,0.0000
22,-17.5,0,0.0000,0.0586,0.8857,0.6260,0.0000,0.0000,0.0000
23,-17.5,0,0.0000,0.0376,0.8728,0.6828,0.0009,0.0000,0.0000
24,-17.5,0,0.0000,0.0088,0.8588,0.7091,0.0000,0.0000,0.0000
25,-17.5,0,0.0000,0.0000,0.8437,0.7454,0.0000,0.0000,0.0000
26,-17.5,0,0.0000,0.0000,0.8390,0.7849,0.0000,0.0000,0.0000
27,-17.5,0,0.0000,0.0000,0.8196,0.8105,0.0000,0.0000,0.0000
28,-17.5,0,0.0000,0.0000,0.7954,0.8348,0.0000,0.0000,0.0000
29,-17.5,0,0.0000,0.0000,0.7793,0.8600,0.0000,0.0000,0.0000
30,-17.5,0,0.0000,0.0000,0.7428,0.8680,0.0000,0.0000,0.0000
31,-17.5,0,0.0000,0.0000,0.7043,0.8753,0.0000,0.0000,0.0000
32,-17.5,0,0.0000,0.0000,0.6624,0.8825,0.0000,0.0000,0.0000
33,-17.5,0,0.0000,0.0000,0.6297,0.8865,0.0000,0.0000,0.0000
34,-17.5,0,0.0000,0.0000,0.5821,0.8945,0.0000,0.0000,0.0000
35,-17.5,0,0.0000,0.0000,0.5499,0.8986,0.0000,0.0000,0.0000
36,-17.5,0,0.0000,0.0000,0.5076,0.9012,0.0000,0.0000,0.0000
37,-17.5,0,0.0000,0.0000,0.4801,0.9068,0.0000,0.0000,0.0000
38,-17.5,0,0.0000,0.0000,0.4467,0.9009,0.0066,0.0000,0.0000
39,-17.5,0,0.0000,0.0000,0.3843,0.9036,0.1073,0.0000,0.0000
40,-17.5,0,0.0000,0.0000,0.3168,0.9038,0.1987,0.0000,0.0000
41,-17.5,0,0.0000,0.0000,0.2614,0.8995,0.3048,0.0000,0.0000
42,-17.5,0,0.0000,0.0000,0.2115,0.8936,0.3842,0.0000,0.0000
43,-17.5,0,0.0000,0.0000,0.1706,0.8931,0.4078,0.0000,0.0000
44,-17.5,0,0.0000,0.0000,0.1317,0.8876,0.4863,0.0000,0.0000
45,-17.5,0,0.0000,0.0000,0.0972,0.8870,0.5473,0.0000,0.0000
46,-17.5,0,0.0000,0.0000,0.0937,0.8772,0.5899,0.0000,0.0000
47,-17.5,0,0.0000,0.0000,0.0849,0.8675,0.6369,0.0000,0.0000
48,-17.5,0,0.0000,0.0000,0.0809,0.8579,0.6812,0.0000,0.0000
49,-17.5,0,0.0000,0.0000,0.0540,0.8482,0.7263,0.0000,0.0000
50,-17.5,0,0.0000,0.0000,0.0049,0.8440,0.7475,0.0000,0.0000
51,-17.5,0,0.0000,0.0000,0.0000,0.8230,0.7653,0.0000,0.0000
52,-17.5,0,0.0000,0.0000,0.0000,0.8002,0.7712,0.0000,0.0000
53,-17.5,0,0.0000,0.0000,0.0000,0.7871,0.7895,0.0000,0.0000
54,-17.5,0,0.0000,0.0000,0.0000,0.7630,0.8060,0.0000,0.0000
55,-17.5,0,0.0000,0.0000,0.0000,0.7356,0.8264,0.0000,0.0000
56,-17.5,0,0.0000,0.0000,0.0000,0.6916,0.8357,0.0000,0.0000
57,-17.5,0,0.0000,0.0000,0.0000,0.6536,0.8502,0.0000,0.0000
58,-17.5,0,0.0000,0.0000,0.0000,0.6204,0.8663,0.0000,0.0000
59,-17.5,0,0.0000,0.0000,0.0000,0.5759,0.8741,0.0000,0.0000
60,-17.5,0,0.0000,0.0000,0.0000,0.5258,0.8822,0.0000,0.0000
61,-17.5,0,0.0000,0.0000,0.0000,0.4980,0.8945,0.0000,0.0000
62,-17.5,0,0.0000,0.0000,0.0000,0.4507,0.8988,0.0000,0.0000
63,-17.5,0,0.0000,0.0000,0.0000,0.3928,0.8993,0.0241,0.0000
64,-17.5,0,0.0000,0.0000,0.0000,0.3468,0.9035,0.0751,0.0000
65,-17.5,0,0.0000,0.0000,0.0000,0.2760,0.9008,0.1581,0.0000
66,-17.5,0,0.0000,0.0000,0.0000,0.2342,0.8932,0.2207,0.0000
67,-17.5,0,0.0000,0.0023,0.0000,0.1909,0.8945,0.3080,0.0000
68,-17.5,0,0.0000,0.0000,0.0000,0.1291,0.8863,0.3721,0.0000
69,-17.5,0,0.0000,0.0000,0.0000,0.0990,0.8813,0.4338,0.0000
70,-17.5,0,0.0000,0.0000,0.0000,0.0569,0.8725,0.4575,0.0000
0,-20.0,0,0.0000,0.7854,0.6730,0.0000,0.0000,0.0000,0.0000
1,-20.0,0,0.0000,0.7720,0.6889,0.0000,0.0000,0.0000,0.0000
2,-20.0,0,0.0000,0.7604,0.7084,0.0000,0.0000,0.0000,0.0000
3,-20.0,0,0.0000,0.7305,0.7347,0.0000,0.0000,0.0000,0.0000
4,-20.0,0,0.0000,0.6905,0.7595,0.0000,0.0000,0.0000,0.0000
5,-20.0,0,0.0000,0.6454,0.7926,0.0015,0.0000,0.0000,0.0000
6,-20.0,0,0.0000,0.5854,0.8096,0.0005,0.0000,0.0000,0.0000
7,-20.0,0,0.0000,0.5229,0.8388,0.0123,0.0000,0.0000,0.0000
8,-20.0,0,0.0000,0.4406,0.8586,0.0000,0.0000,0.0000,0.0000
9,-20.0,0,0.0000,0.3892,0.8690,0.0065,0.0000,0.0000,0.0000
10,-20.0,0,0.0000,0.3348,0.8828,0.0151,0.0000,0.0000,0.0000
11,-20.0,0,0.0000,0.2759,0.8989,0.0246,0.0000,0.0000,0.0000
12,-20.0,0,0.0000,0.2412,0.9005,0.0039,0.0000,0.0000,0.0000
13,-20.0,0,0.0000,0.2018,0.9039,0.0355,0.0000,0.0000,0.0000
14,-20.0,0,0.0000,0.1722,0.9031,0.0560,0.0000,0.0000,0.0000
15,-20.0,0,0.0000,0.1384,0.9084,0.1275,0.0000,0.0000,0.0000
16,-20.0,0,0.0000,0.1196,0.9089,0.1911,0.0000,0.0000,0.0000
17,-20.0,0,0.0000,0.0776,0.9036,0.2138,0.0000,0.0000,0.0000
18,-20.0,0,0.0000,0.0642,0.9063,0.2833,0.0000,0.0000,0.0000
19,-20.0,0,0.0000,0.0433,0.9023,0.3999,0.0000,0.0000,0.0000
20,-20.0,0,0.0000,0.0443,0.9030,0.5343,0.0000,0.0000,0.0000
21,-20.0,0,0.0000,0.0496,0.8988,0.6346,0.0000,0.0000,0.0000
22,-20.0,0,0.0000,0.0460,0.8910,0.6793,0.0000,0.0000,0.0000
23,-20.0,0,0.0000,0.0066,0.8786,0.7316,0.0000,0.0000,0.0000
24,-20.0,0,0.0000,0.0006,0.8647,0.7618,0.0000,0.0000,0.0000
25,-20.0,0,0.0000,0.0020,0.8528,0.7909,0.0000,0.0000,0.0000
26,-20.0,0,0.0000,0.0000,0.8421,0.8133,0.0000,0.0000,0.0000
27,-20.0,0,0.0000,0.0000,0.8283,0.8383,0.0000,0.0000,0.0000
28,-20.0,0,0.0000,0.0000,0.8026,0.8604,0.0000,0.0000,0.0000
29,-20.0,0,0.0000,0.0000,0.7874,0.8865,0.0000,0.0000,0.0000
30,-20.0,0,0.0000,0.0018,0.7690,0.8913,0.0000,0.0000,0.0000
31,-20.0,0,0.0000,0.0000,0.7407,0.8961,0.0000,0.0000,0.0000
32,-20.0,0,0.0000,0.0000,0.7115,0.8966,0.0000,0.0000,0.0000
33,-20.0,0,0.0000,0.0000,0.6716,0.8999,0.0000,0.0000,0.0000
34,-20.0,0,0.0000,0.0000,0.6370,0.9067,0.0000,0.0000,0.0000
35,-20.0,0,0.0000,0.0000,0.5955,0.9150,0.0000,0.0000,0.0000
36,-20.0,0,0.0000,0.0000,0.5290,0.9158,0.0000,0.0000,0.0000
37,-20.0,0,0.0000,0.0000,0.4305,0.9181,0.0061,0.0000,0.0000
38,-20.0,0,0.0000,0.0000,0.3393,0.9183,0.0864,0.0000,0.0000
39,-20.0,0,0.0000,0.0000,0.3038,0.9205,0.1413,0.0000,0.0000
40,-20.0,0,0.0000,0.0000,0.2538,0.9164,0.1802,0.0000,0.0000
41,-20.0,0,0.0000,0.0000,0.2319,0.9160,0.2456,0.0000,0.0000
42,-20.0,0,0.0000,0.0000,0.1758,0.9105,0.2824,0.0000,0.0000
43,-20.0,0,0.0000,0.0000,0.1079,0.9110,0.3903,0.0000,0.0000
44,-20.0,0,0.0000,0.0000,0.0525,0.9089,0.5085,0.0000,0.0000
45,-20.0,0,0.0000,0.0000,0.0090,0.8989,0.5891,0.0000,0.0000
46,-20.0,0,0.0000,0.0000,0.0331,0.8925,0.6410,0.0000,0.0000
47,-20.0,0,0.0000,0.0000,0.0186,0.8886,0.6952,0.0000,0.0000
48,-20.0,0,0.0000,0.0000,0.0119,0.8817,0.7308,0.0000,0.0000
49,-20.0,0,0.0000,0.0000,0.0000,0.8691,0.7553,0.0000,0.0000
50,-20.0,0,0.0000,0.0000,0.0000,0.8635,0.7702,0.0000,0.0000
51,-20.0,0,0.0000,0.0000,0.0000,0.8564,0.7863,0.0000,0.0000
52,-20.0,0,0.0000,0.0000,0.0000,0.8470,0.8077,0.0000,0.0000
53,-20.0,0,0.0000,0.0000,0.0000,0.8309,0.8297,0.0000,0.0000
54,-20.0,0,0.0000,0.0000,0.0000,0.8195,0.8434,0.0000,0.0000
55,-20.0,0,0.0000,0.0000,0.0000,0.7955,0.8562,0.0000,0.0000
56,-20.0,0,0.0000,0.0000,0.0000,0.7671,0.8731,0.0000,0.0000
57,-20.0,0,0.0000,0.0000,0.0000,0.7317,0.8884,0.0000,0.0000
58,-20.0,0,0.0000,0.0000,0.0000,0.6836,0.8951,0.0000,0.0000
59,-20.0,0,0.0000,0.0000,0.0000,0.6300,0.8958,0.0000,0.0000
60,-20.0,0,0.0000,0.0000,0.0000,0.5692,0.8990,0.0000,0.0000
61,-20.0,0,0.0000,0.0000,0.0000,0.4904,0.8982,0.0000,0.0000
62,-20.0,0,0.0000,0.0000,0.0000,0.4098,0.9107,0.0051,0.0000
63,-20.0,0,0.0000,0.0000,0.0000,0.3507,0.9119,0.0414,0.0000
64,-20.0,0,0.0000,0.0000,0.0000,0.2916,0.9121,0.1045,0.0000
65,-20.0,0,0.0000,0.0000,0.0000,0.2358,0.9100,0.1508,0.0000
66,-20.0,0,0.0000,0.0000,0.0000,0.2030,0.9077,0.2190,0.0000
67,-20.0,0,0.0000,0.0000,0.0000,0.1574,0.9012,0.2627,0.0000
68,-20.0,0,0.0000,0.0000,0.0000,0.1007,0.8985,0.3819,0.0000
69,-20.0,0,0.0000,0.0000,0.0000,0.0636,0.8899,0.4707,0.0000
70,-20.0,0,0.0000,0.0000,0.0000,0.0523,0.8838,0.5308,0.0000
0,-22.5,0,0.0000,0.8413,0.6343,0.0000,0.0038,0.0000,0.0000
1,-22.5,0,0.0000,0.8197,0.6702,0.0058,0.0000,0.0000,0.0000
2,-22.5,0,0.0000,0.8073,0.7108,0.0000,0.0000,0.0000,0.0000
3,-22.5,0,0.0000,0.7937,0.7613,0.0041,0.0000,0.0000,0.0000
4,-22.5,0,0.0000,0.7718,0.7970,0.0018,0.0000,0.0000,0.0000
5,-22.5,0,0.0000,0.7429,0.8185,0.0000,0.0000,0.0000,0.0000
6,-22.5,0,0.0000,0.7123,0.8386,0.0000,0.0000,0.0000,0.0000
7,-22.5,0,0.0000,0.6743,0.8501,0.0000,0.0000,0.0000,0.0000
8,-22.5,0,0.0000,0.6284,0.8693,0.0046,0.0000,0.0000,0.0000
9,-22.5,0,0.0000,0.5786,0.8775,0.0116,0.0000,0.0000,0.0000
10,-22.5,0,0.0000,0.5304,0.8942,0.0113,0.0000,0.0000,0.0000
11,-22.5,0,0.0000,0.4753,0.8969,0.0080,0.0035,0.0000,0.0000
12,-22.5,0,0.0000,0.4173,0.9077,0.0293,0.0000,0.0000,0.0000
13,-22.5,0,0.0000,0.3725,0.9078,0.0597,0.0000,0.0000,0.0000
14,-22.5,0,0.0000,0.3095,0.9130,0.1094,0.0000,0.0000,0.0000
15,-22.5,0,0.0000,0.2281,0.9104,0.1806,0.0000,0.0000,0.0000
16,-22.5,0,0.0000,0.1296,0.9112,0.2247,0.0000,0.0000,0.0000
17,-22.5,0,0.0000,0.0540,0.9092,0.2823,0.0000,0.0000,0.0000
18,-22.5,0,0.0000,0.0207,0.9058,0.3521,0.0000,0.0000,0.0000
19,-22.5,0,0.0000,0.0153,0.9044,0.4709,0.0000,0.0000,0.0000
20,-22.5,0,0.0000,0.0025,0.9085,0.5772,0.0000,0.0000,0.0000
21,-22.5,0,0.0000,0.0000,0.9089,0.6541,0.0000,0.0000,0.0000
22,-22.5,0,0.0000,0.0000,0.9058,0.6878,0.0000,0.0000,0.0000
23,-22.5,0,0.0000,0.0000,0.8981,0.7118,0.0000,0.0000,0.0000
24,-22.5,0,0.0000,0.0000,0.8931,0.7533,0.0000,0.0000,0.0000
25,-22.5,0,0.0000,0.0000,0.8809,0.8009,0.0000,0.0000,0.0000
26,-22.5,0,0.0000,0.0000,0.8671,0.8338,0.0000,0.0000,0.0000
27,-22.5,0,0.0000,0.0000,0.8583,0.8589,0.0000,0.0000,0.0000
28,-22.5,0,0.0000,0.0000,0.8521,0.8733,0.0000,0.0000,0.0000
29,-22.5,0,0.0000,0.0000,0.8367,0.8802,0.0000,0.0000,0.0000
30,-22.5,0,0.0000,0.0000,0.8341,0.8906,0.0000,0.0000,0.0000
31,-22.5,0,0.0000,0.0000,0.8191,0.8938,0.0000,0.0000,0.0000
32,-22.5,0,0.0000,0.0000,0.8102,0.8963,0.0000,0.0000,0.0000
33,-22.5,0,0.0000,0.0000,0.7839,0.9020,0.0000,0.0000,0.0000
34,-22.5,0,0.0000,0.0000,0.7634,0.9091,0.0000,0.0000,0.0000
35,-22.5,0,0.0000,0.0000,0.7349,0.9109,0.0000,0.0000,0.0000
36,-22.5,0,0.0000,0.0000,0.7035,0.9154,0.0000,0.0000,0.0000
37,-22.5,0,0.0000,0.0000,0.6603,0.9159,0.0729,0.0000,0.0000
38,-22.5,0,0.0000,0.0000,0.6126,0.9213,0.1598,0.0000,0.0000
39,-22.5,0,0.0000,0.0000,0.5751,0.9175,0.2143,0.0000,0.0000
40,-22.5,0,0.0000,0.0000,0.4731,0.9204,0.2594,0.0000,0.0000
41,-22.5,0,0.0000,0.0000,0.3404,0.9251,0.3161,0.0000,0.0000
42,-22.5,0,0.0000,0.0000,0.2025,0.9179,0.3947,0.0000,0.0000
43,-22.5,0,0.0000,0.0000,0.0768,0.9215,0.4839,0.0000,0.0000
44,-22.5,0,0.0000,0.0000,0.0473,0.9219,0.5554,0.0000,0.0000
45,-22.5,0,0.0000,0.0000,0.0169,0.9219,0.6126,0.0000,0.0000
46,-22.5,0,0.0000,0.0000,0.0000,0.9165,0.6663,0.0000,0.0000
47,-22.5,0,0.0000,0.0000,0.0000,0.9095,0.7050,0.0000,0.0000
48,-22.5,0,0.0000,0.0000,0.0000,0.9022,0.7193,0.0000,0.0000
49,-22.5,0,0.0000,0.0000,0.0000,0.8950,0.7395,0.0000,0.0000
50,-22.5,0,0.0000,0.0000,0.0000,0.8921,0.7666,0.0000,0.0000
51,-22.5,0,0.0000,0.0000,0.0000,0.8864,0.7912,0.0000,0.0000
52,-22.5,0,0.0000,0.0000,0.0000,0.8782,0.8103,0.0000,0.0000
53,-22.5,0,0.0000,0.0000,0.0000,0.8698,0.8383,0.0000,0.0000
54,-22.5,0,0.0000,0.0000,0.0000,0.8614,0.8619,0.0000,0.0000
55,-22.5,0,0.0000,0.0000,0.0000,0.8508,0.8799,0.0000,0.0000
56,-22.5,0,0.0000,0.0000,0.0000,0.8388,0.8901,0.0000,0.0000
57,-22.5,0,0.0000,0.0000,0.0000,0.8257,0.8974,0.0000,0.0000
58,-22.5,0,0.0000,0.0000,0.0000,0.8103,0.9002,0.0000,0.0000
59,-22.5,0,0.0000,0.0000,0.0000,0.7783,0.9005,0.0000,0.0000
60,-22.5,0,0.0000,0.0000,0.0000,0.7545,0.9036,0.0000,0.0000
61,-22.5,0,0.0000,0.0000,0.0000,0.7196,0.9050,0.0000,0.0000
62,-22.5,0,0.0000,0.0000,0.0000,0.6661,0.9061,0.0333,0.0000
63,-22.5,0,0.0000,0.0000,0.0000,0.6141,0.9125,0.1068,0.0000
64,-22.5,0,0.0000,0.0000,0.0000,0.5438,0.9111,0.1592,0.0000
65,-22.5,0,0.0000,0.0000,0.0000,0.4412,0.9078,0.1880,0.0000
66,-22.5,0,0.0000,0.0000,0.0000,0.3017,0.9054,0.2463,0.0000
67,-22.5,0,0.0000,0.0000,0.0000,0.1825,0.9041,0.3280,0.0000
68,-22.5,0,0.0000,0.0000,0.0000,0.0967,0.8977,0.4007,0.0000
69,-22.5,0,0.0000,0.0000,0.0000,0.0502,0.8971,0.4644,0.0000
70,-22.5,0,0.0000,0.0000,0.0000,0.0238,0.8887,0.5118,0.0000
0,-25.0,0,0.0000,0.8630,0.6331,0.0000,0.0014,0.0000,0.0000
1,-25.0,0,0.0000,0.8599,0.6596,0.0000,0.0000,0.0000,0.0000
2,-25.0,0,0.0000,0.8473,0.6865,0.0000,0.0000,0.0000,0.0000
3,-25.0,0,0.0000,0.8399,0.7209,0.0000,0.0000,0.0000,0.0000
4,-25.0,0,0.0000,0.8360,0.7560,0.0000,0.0000,0.0000,0.0000
5,-25.0,0,0.0000,0.8130,0.7901,0.0000,0.0000,0.0000,0.0000
6,-25.0,0,0.0000,0.7809,0.8136,0.0062,0.0000,0.0000,0.0000
7,-25.0,0,0.0000,0.7479,0.8392,0.0000,0.0000,0.0000,0.0000
8,-25.0,0,0.0000,0.7179,0.8565,0.0000,0.0000,0.0000,0.0000
9,-25.0,0,0.0000,0.6800,0.8720,0.0027,0.0000,0.0000,0.0000
10,-25.0,0,0.0000,0.6526,0.8873,0.0039,0.0000,0.0000,0.0000
11,-25.0,0,0.0000,0.5995,0.9004,0.0246,0.0000,0.0000,0.0000
12,-25.0,0,0.0000,0.5428,0.9039,0.0299,0.0000,0.0000,0.0000
13,-25.0,0,0.0000,0.4970,0.9126,0.0663,0.0000,0.0000,0.0000
14,-25.0,0,0.0000,0.4565,0.9114,0.1177,0.0000,0.0000,0.0000
15,-25.0,0,0.0000,0.4124,0.9176,0.1706,0.0000,0.0000,0.0000
16,-25.0,0,0.0000,0.3741,0.9193,0.2280,0.0017,0.0000,0.0000
17,-25.0,0,0.0000,0.3127,0.9205,0.2837,0.0000,0.0000,0.0000
18,-25.0,0,0.0000,0.2429,0.9143,0.3794,0.0000,0.0000,0.0000
19,-25.0,0,0.0000,0.1794,0.9074,0.4747,0.0000,0.0000,0.0000
20,-25.0,0,0.0000,0.0805,0.9077,0.5689,0.0000,0.0000,0.0000
21,-25.0,0,0.0000,0.0398,0.9088,0.6478,0.0000,0.0000,0.0000
22,-25.0,0,0.0000,0.0000,0.9110,0.6807,0.0000,0.0000,0.0000
23,-25.0,0,0.0000,0.0041,0.9165,0.7078,0.0000,0.0000,0.0000
24,-25.0,0,0.0000,0.0000,0.9129,0.7475,0.0000,0.0000,0.0000
25,-25.0,0,0.0000,0.0000,0.9114,0.7818,0.0000,0.0000,0.0000
26,-25.0,0,0.0000,0.0000,0.9081,0.8254,0.0000,0.0000,0.0000
27,-25.0,0,0.0000,0.0000,0.8993,0.8439,0.0000,0.0000,0.0000
28,-25.0,0,0.0000,0.0000,0.8974,0.8577,0.0000,0.0000,0.0000
29,-25.0,0,0.0000,0.0000,0.8930,0.8656,0.0000,0.0000,0.0000
30,-25.0,0,0.0000,0.0000,0.8820,0.8740,0.0000,0.0000,0.0000
31,-25.0,0,0.0000,0.0000,0.8703,0.8824,0.0000,0.0000,0.0000
32,-25.0,0,0.0000,0.0000,0.8586,0.8865,0.0000,0.0000,0.0000
33,-25.0,0,0.0000,0.0000,0.8532,0.8978,0.0000,0.0000,0.0000
34,-25.0,0,0.0000,0.0000,0.8358,0.9043,0.0000,0.0000,0.0000
35,-25.0,0,0.0000,0.0000,0.8108,0.9050,0.0000,0.0000,0.0000
36,-25.0,0,0.0000,0.0000,0.7998,0.9137,0.0394,0.0000,0.0000
37,-25.0,0,0.0000,0.0000,0.7766,0.9135,0.1095,0.0000,0.0000
38,-25.0,0,0.0000,0.0000,0.7320,0.9178,0.1885,0.0000,0.0000
39,-25.0,0,0.0000,0.0000,0.6853,0.9172,0.2381,0.0000,0.0000
40,-25.0,0,0.0000,0.0000,0.6352,0.9226,0.2597,0.0000,0.0000
41,-25.0,0,0.0000,0.0000,0.5689,0.9220,0.3276,0.0000,0.0000
42,-25.0,0,0.0000,0.0000,0.5021,0.9274,0.3990,0.0000,0.0000
43,-25.0,0,0.0000,0.0000,0.3982,0.9247,0.4843,0.0000,0.0000
44,-25.0,0,0.0000,0.0000,0.3118,0.9266,0.5596,0.0000,0.0000
45,-25.0,0,0.0000,0.0000,0.2187,0.9213,0.6255,0.0000,0.0000
46,-25.0,0,0.0000,0.0000,0.1228,0.9273,0.6749,0.0000,0.0000
47,-25.0,0,0.0000,0.0000,0.0234,0.9203,0.6996,0.0000,0.0000
48,-25.0,0,0.0000,0.0000,0.0166,0.9229,0.7344,0.0000,0.0000
49,-25.0,0,0.0000,0.0000,0.0000,0.9210,0.7504,0.0000,0.0000
50,-25.0,0,0.0000,0.0000,0.0000,0.9218,0.7822,0.0000,0.0000
51,-25.0,0,0.0000,0.0000,0.0000,0.9165,0.7969,0.0000,0.0000
52,-25.0,0,0.0000,0.0000,0.0000,0.9116,0.8088,0.0000,0.0000
53,-25.0,0,0.0000,0.0000,0.0000,0.9068,0.8402,0.0000,0.0000
54,-25.0,0,0.0000,0.0000,0.0000,0.8955,0.8538,0.0000,0.0000
55,-25.0,0,0.0000,0.0000,0.0000,0.8824,0.8697,0.0000,0.0000
56,-25.0,0,0.0000,0.0000,0.0000,0.8691,0.8818,0.0000,0.0000
57,-25.0,0,0.0000,0.0000,0.0000,0.8559,0.8861,0.0000,0.0000
58,-25.0,0,0.0000,0.0000,0.0000,0.8426,0.8949,0.0000,0.0000
59,-25.0,0,0.0000,0.0000,0.0000,0.8304,0.8999,0.0000,0.0000
60,-25.0,0,0.0000,0.0000,0.0000,0.8075,0.8983,0.0000,0.0000
61,-25.0,0,0.0000,0.0000,0.0000,0.7824,0.8992,0.0135,0.0000
62,-25.0,0,0.0000,0.0000,0.0000,0.7451,0.9035,0.0423,0.0000
63,-25.0,0,0.0000,0.0000,0.0000,0.7208,0.9050,0.0872,0.0000
64,-25.0,0,0.0000,0.0000,0.0000,0.6782,0.9082,0.1614,0.0000
65,-25.0,0,0.0000,0.0000,0.0000,0.6348,0.9086,0.1913,0.0000
66,-25.0,0,0.0000,0.0000,0.0000,0.5795,0.9044,0.2487,0.0000
67,-25.0,0,0.0000,0.0000,0.0000,0.5153,0.8998,0.2985,0.0000
68,-25.0,0,0.0000,0.0000,0.0000,0.4014,0.8952,0.3824,0.0000
69,-25.0,0,0.0000,0.0000,0.0000,0.2793,0.8906,0.4779,0.0000
70,-25.0,0,0.0000,0.0000,0.0000,0.1488,0.8859,0.5131,0.0000
0,0.0,1,0.1595,0.9795,0.7904,0.0028,0.0000,0.0000,0.0000
1,0.0,1,0.0150,0.9743,0.8147,0.0000,0.0000,0.0000,0.0000
2,0.0,1,0.0000,0.9717,0.8393,0.0000,0.0000,0.0000,0.0000
3,0.0,1,0.0000,0.9674,0.8639,0.0000,0.0000,0.0000,0.0000
4,0.0,1,0.0000,0.9639,0.8801,0.0032,0.0000,0.0000,0.0000
5,0.0,1,0.0000,0.9594,0.8976,0.0224,0.0000,0.0000,0.0000
6,0.0,1,0.0000,0.9548,0.9067,0.0058,0.0000,0.0000,0.0000
7,0.0,1,0.0000,0.9482,0.9151,0.0215,0.0000,0.0000,0.0000
8,0.0,1,0.0000,0.9332,0.9307,0.0264,0.0000,0.0000,0.0000
9,0.0,1,0.0000,0.9255,0.9333,0.0203,0.0000,0.0000,0.0000
10,0.0,1,0.0000,0.9114,0.9441,0.0143,0.0000,0.0000,0.0000
11,0.0,1,0.0000,0.9038,0.9494,0.0235,0.0000,0.0000,0.0000
12,0.0,1,0.0000,0.8887,0.9510,0.0342,0.0000,0.0000,0.0000
13,0.0,1,0.0000,0.8625,0.9575,0.0428,0.0000,0.0000,0.0000
14,0.0,1,0.0000,0.8506,0.9581,0.1012,0.0000,0.0000,0.0000
15,0.0,1,0.0000,0.8104,0.9614,0.1581,0.0000,0.0000,0.0000
16,0.0,1,0.0000,0.7591,0.9628,0.2615,0.0000,0.0000,0.0000
17,0.0,1,0.0000,0.6851,0.9640,0.3674,0.0000,0.0000,0.0000
18,0.0,1,0.0000,0.6418,0.9630,0.4767,0.0000,0.0000,0.0000
19,0.0,1,0.0000,0.5840,0.9640,0.5680,0.0000,0.0000,0.0000
20,0.0,1,0.0000,0.5628,0.9641,0.6314,0.0000,0.0000,0.0000
21,0.0,1,0.0000,0.5186,0.9641,0.6855,0.0000,0.0000,0.0000
22,0.0,1,0.0000,0.4782,0.9609,0.7355,0.0000,0.0000,0.0000
23,0.0,1,0.0000,0.4628,0.9595,0.7665,0.0000,0.0000,0.0000
24,0.0,1,0.0000,0.3031,0.9584,0.8011,0.0000,0.0000,0.0000
25,0.0,1,0.0000,0.0991,0.9551,0.8274,0.0000,0.0000,0.0000
26,0.0,1,0.0000,0.0078,0.9537,0.8506,0.0000,0.0000,0.0000
27,0.0,1,0.0000,0.0000,0.9472,0.8692,0.0000,0.0000,0.0000
28,0.0,1,0.0000,0.0000,0.9413,0.8884,0.0000,0.0000,0.0000
29,0.0,1,0.0000,0.0000,0.9343,0.9034,0.0000,0.0000,0.0000
30,0.0,1,0.0000,0.0000,0.9337,0.9081,0.0012,0.0000,0.0000
31,0.0,1,0.0000,0.0000,0.9241,0.9217,0.0000,0.0000,0.0000
32,0.0,1,0.0000,0.0000,0.9157,0.9306,0.0000,0.0000,0.0000
33,0.0,1,0.0000,0.0000,0.9054,0.9380,0.0000,0.0000,0.0000
34,0.0,1,0.0000,0.0000,0.8875,0.9464,0.0000,0.0000,0.0000
35,0.0,1,0.0000,0.0000,0.8730,0.9537,0.0000,0.0000,0.0000
36,0.0,1,0.0000,0.0000,0.8589,0.9544,0.0018,0.0000,0.0000
37,0.0,1,0.0000,0.0000,0.8289,0.9578,0.0000,0.0000,0.0000
38,0.0,1,0.0000,0.0000,0.7995,0.9635,0.0844,0.0000,0.0000
39,0.0,1,0.0000,0.0000,0.7797,0.9652,0.2443,0.0000,0.0000
40,0.0,1,0.0000,0.0000,0.7450,0.9664,0.3959,0.0000,0.0000
41,0.0,1,0.0000,0.0000,0.6971,0.9731,0.5466,0.0000,0.0000
42,0.0,1,0.0000,0.0000,0.6100,0.9727,0.6388,0.0000,0.0000
43,0.0,1,0.0000,0.0000,0.5220,0.9737,0.6960,0.0000,0.0000
44,0.0,1,0.0000,0.0000,0.4668,0.9749,0.7455,0.0000,0.0000
45,0.0,1,0.0000,0.0000,0.4074,0.9772,0.7473,0.0000,0.0000
46,0.0,1,0.0000,0.0000,0.3603,0.9774,0.7611,0.0000,0.0000
47,0.0,1,0.0000,0.0000,0.3281,0.9753,0.7656,0.0000,0.0000
48,0.0,1,0.0000,0.0000,0.2794,0.9761,0.7890,0.0000,0.0000
49,0.0,1,0.0000,0.0000,0.1848,0.9730,0.8205,0.0000,0.0000
50,0.0,1,0.0000,0.0000,0.0708,0.9705,0.8435,0.0000,0.0000
51,0.0,1,0.0000,0.0000,0.0361,0.9681,0.8656,0.0000,0.0000
52,0.0,1,0.0000,0.0000,0.0116,0.9678,0.8928,0.0000,0.0000
53,0.0,1,0.0000,0.0000,0.0049,0.9613,0.9101,0.0000,0.0000
54,0.0,1,0.0000,0.0000,0.0000,0.9563,0.9223,0.0000,0.0000
55,0.0,1,0.0000,0.0000,0.0000,0.9503,0.9339,0.0000,0.0000
56,0.0,1,0.0000,0.0000,0.0000,0.9443,0.9424,0.0000,0.0000
57,0.0,1,0.0000,0.0000,0.0000,0.9372,0.9516,0.0000,0.0000
58,0.0,1,0.0000,0.0000,0.0000,0.9300,0.9536,0.0000,0.0000
59,0.0,1,0.0000,0.0000,0.0000,0.9271,0.9579,0.0000,0.0000
60,0.0,1,0.0000,0.0000,0.0000,0.9116,0.9646,0.0000,0.0000
61,0.0,1,0.0000,0.0000,0.0000,0.8992,0.9632,0.0000,0.0000
62,0.0,1,0.0000,0.0000,0.0000,0.8893,0.9662,0.0037,0.0000
63,0.0,1,0.0000,0.0000,0.0000,0.8709,0.9665,0.1192,0.0000
64,0.0,1,0.0000,0.0000,0.0000,0.8474,0.9686,0.2435,0.0000
65,0.0,1,0.0000,0.0000,0.0000,0.8048,0.9667,0.3872,0.0000
66,0.0,1,0.0000,0.0000,0.0000,0.7441,0.9676,0.5184,0.0000
67,0.0,1,0.0000,0.0000,0.0000,0.6588,0.9698,0.6453,0.0000
68,0.0,1,0.0000,0.0000,0.0000,0.5743,0.9689,0.7205,0.0000
69,0.0,1,0.0000,0.0000,0.0000,0.4801,0.9699,0.7998,0.0000
70,0.0,1,0.0000,0.0000,0.0000,0.4229,0.9700,0.8385,0.0000
0,-2.5,1,0.0056,0.9772,0.7399,0.0390,0.0188,0.0000,0.0000
1,-2.5,1,0.0000,0.9720,0.7759,0.0227,0.0115,0.0000,0.0000
2,-2.5,1,0.0000,0.9695,0.8101,0.0265,0.0097,0.0000,0.0000
3,-2.5,1,0.0000,0.9682,0.8441,0.0475,0.0075,0.0000,0.0000
4,-2.5,1,0.0000,0.9629,0.8655,0.0420,0.0073,0.0000,0.0000
5,-2.5,1,0.0000,0.9572,0.8824,0.0436,0.0104,0.0000,0.0000
6,-2.5,1,0.0000,0.9526,0.8947,0.0481,0.0055,0.0000,0.0000
7,-2.5,1,0.0000,0.9459,0.9043,0.0420,0.0091,0.0000,0.0000
8,-2.5,1,0.0000,0.9412,0.9127,0.0512,0.0000,0.0000,0.0000
9,-2.5,1,0.0000,0.9284,0.9188,0.0304,0.0000,0.0000,0.0000
10,-2.5,1,0.0000,0.9158,0.9268,0.0392,0.0000,0.0000,0.0000
11,-2.5,1,0.0000,0.9042,0.9361,0.0596,0.0000,0.0000,0.0000
12,-2.5,1,0.0000,0.8856,0.9423,0.0725,0.0000,0.0000,0.0000
13,-2.5,1,0.0000,0.8612,0.9471,0.1064,0.0000,0.0000,0.0000
14,-2.5,1,0.0000,0.8289,0.9539,0.1510,0.0000,0.0000,0.0000
15,-2.5,1,0.0000,0.7774,0.9599,0.2195,0.0000,0.0000,0.0000
16,-2.5,1,0.0000,0.7209,0.9605,0.3219,0.0035,0.0000,0.0000
17,-2.5,1,0.0000,0.6495,0.9616,0.4136,0.0000,0.0000,0.0000
18,-2.5,1,0.0000,0.6002,0.9638,0.5291,0.0000,0.0000,0.0000
19,-2.5,1,0.0000,0.5501,0.9672,0.5874,0.0000,0.0000,0.0000
20,-2.5,1,0.0000,0.5039,0.9655,0.6420,0.0000,0.0000,0.0000
21,-2.5,1,0.0000,0.4901,0.9642,0.7018,0.0000,0.0000,0.0000
22,-2.5,1,0.0000,0.4157,0.9620,0.7371,0.0000,0.0000,0.0000
23,-2.5,1,0.0000,0.2439,0.9565,0.7634,0.0000,0.0000,0.0000
24,-2.5,1,0.0000,0.0664,0.9580,0.7823,0.0000,0.0000,0.0000
25,-2.5,1,0.0000,0.0096,0.9582,0.8027,0.0000,0.0000,0.0000
26,-2.5,1,0.0000,0.0000,0.9529,0.8329,0.0000,0.0000,0.0000
27,-2.5,1,0.0000,0.0000,0.9503,0.8479,0.0028,0.0000,0.0000
28,-2.5,1,0.0000,0.0011,0.9437,0.8624,0.0005,0.0000,0.0000
29,-2.5,1,0.0000,0.0000,0.9388,0.8834,0.0086,0.0000,0.0000
30,-2.5,1,0.0000,0.0000,0.9309,0.9029,0.0011,0.0000,0.0000
31,-2.5,1,0.0000,0.0000,0.9259,0.9124,0.0139,0.0000,0.0000
32,-2.5,1,0.0000,0.0000,0.9201,0.9188,0.0058,0.0000,0.0000
33,-2.5,1,0.0000,0.0000,0.9132,0.9292,0.0000,0.0000,0.0000
34,-2.5,1,0.0000,0.0000,0.9030,0.9346,0.0000,0.0000,0.0000
35,-2.5,1,0.0000,0.0000,0.8904,0.9449,0.0000,0.0000,0.0000
36,-2.5,1,0.0000,0.0000,0.8733,0.9525,0.0000,0.0000,0.0000
37,-2.5,1,0.0000,0.0000,0.8494,0.9554,0.0543,0.0000,0.0000
38,-2.5,1,0.0000,0.0000,0.8238,0.9589,0.2226,0.0000,0.0000
39,-2.5,1,0.0000,0.0000,0.7853,0.9615,0.3749,0.0000,0.0000
40,-2.5,1,0.0000,0.0000,0.7234,0.9628,0.4767,0.0000,0.0000
41,-2.5,1,0.0000,0.0000,0.6559,0.9651,0.5807,0.0000,0.0000
42,-2.5,1,0.0000,0.0000,0.5731,0.9697,0.6662,0.0000,0.0000
43,-2.5,1,0.0000,0.0000,0.4877,0.9712,0.7040,0.0000,0.0000
44,-2.5,1,0.0000,0.0000,0.4348,0.9725,0.7369,0.0000,0.0000
45,-2.5,1,0.0000,0.0000,0.3736,0.9737,0.7559,0.0000,0.0000
46,-2.5,1,0.0000,0.0000,0.3125,0.9738,0.7745,0.0000,0.0000
47,-2.5,1,0.0000,0.0000,0.2547,0.9749,0.7836,0.0000,0.0000
48,-2.5,1,0.0000,0.0000,0.1601,0.9728,0.7950,0.0000,0.0000
49,-2.5,1,0.0000,0.0000,0.0662,0.9726,0.7971,0.0000,0.0000
50,-2.5,1,0.0000,0.0000,0.0293,0.9672,0.8182,0.0000,0.0000
51,-2.5,1,0.0000,0.0000,0.0151,0.9677,0.8297,0.0000,0.0000
52,-2.5,1,0.0000,0.0000,0.0042,0.9645,0.8569,0.0000,0.0000
53,-2.5,1,0.0000,0.0000,0.0010,0.9599,0.8794,0.0000,0.0000
54,-2.5,1,0.0000,0.0000,0.0000,0.9550,0.9036,0.0000,0.0000
55,-2.5,1,0.0000,0.0000,0.0000,0.9513,0.9164,0.0000,0.0000
56,-2.5,1,0.0000,0.0000,0.0000,0.9455,0.9261,0.0000,0.0000
57,-2.5,1,0.0000,0.0000,0.0000,0.9384,0.9333,0.0000,0.0000
58,-2.5,1,0.0000,0.0000,0.0000,0.9323,0.9361,0.0000,0.0000
59,-2.5,1,0.0000,0.0000,0.0000,0.9252,0.9478,0.0000,0.0000
60,-2.5,1,0.0000,0.0000,0.0000,0.9125,0.9563,0.0030,0.0000
61,-2.5,1,0.0000,0.0000,0.0000,0.9004,0.9572,0.0000,0.0000
62,-2.5,1,0.0000,0.0000,0.0000,0.8829,0.9635,0.1127,0.0000
63,-2.5,1,0.0000,0.0000,0.0000,0.8594,0.9641,0.2111,0.0000
64,-2.5,1,0.0000,0.0000,0.0000,0.8147,0.9652,0.3634,0.0000
65,-2.5,1,0.0000,0.0000,0.0000,0.7462,0.9685,0.4791,0.0000
66,-2.5,1,0.0000,0.0000,0.0000,0.6710,0.9719,0.5768,0.0000
67,-2.5,1,0.0000,0.0000,0.0000,0.5874,0.9723,0.6645,0.0000
68,-2.5,1,0.0000,0.0000,0.0000,0.4933,0.9734,0.7399,0.0000
69,-2.5,1,0.0000,0.0000,0.0000,0.4372,0.9735,0.8018,0.0000
70,-2.5,1,0.0000,0.0000,0.0000,0.4175,0.9745,0.8387,0.0000
0,-5.0,1,0.0000,0.9749,0.7446,0.0341,0.0177,0.0000,0.0000
1,-5.0,1,0.0000,0.9708,0.7710,0.0146,0.0000,0.0000,0.0000
2,-5.0,1,0.0000,0.9663,0.8043,0.0170,0.0043,0.0000,0.0000
3,-5.0,1,0.0000,0.9709,0.8277,0.0335,0.0049,0.0000,0.0000
4,-5.0,1,0.0000,0.9663,0.8438,0.0428,0.0091,0.0000,0.0000
5,-5.0,1,0.0000,0.9607,0.8633,0.0339,0.0000,0.0000,0.0000
6,-5.0,1,0.0000,0.9529,0.8737,0.0406,0.0000,0.0000,0.0000
7,-5.0,1,0.0000,0.9419,0.8822,0.0446,0.0000,0.0000,0.0000
8,-5.0,1,0.0000,0.9377,0.8936,0.0558,0.0000,0.0000,0.0000
9,-5.0,1,0.0000,0.9301,0.9063,0.0493,0.0000,0.0000,0.0000
10,-5.0,1,0.0000,0.9139,0.9171,0.0509,0.0000,0.0000,0.0000
11,-5.0,1,0.0000,0.8928,0.9288,0.0640,0.0000,0.0000,0.0000
12,-5.0,1,0.0000,0.8649,0.9373,0.0979,0.0000,0.0000,0.0000
13,-5.0,1,0.0000,0.8375,0.9371,0.1339,0.0000,0.0000,0.0000
14,-5.0,1,0.0000,0.8029,0.9434,0.1939,0.0000,0.0000,0.0000
15,-5.0,1,0.0000,0.7707,0.9483,0.2738,0.0000,0.0000,0.0000
16,-5.0,1,0.0000,0.7202,0.9530,0.3740,0.0000,0.0000,0.0000
17,-5.0,1,0.0000,0.6525,0.9566,0.4807,0.0000,0.0000,0.0000
18,-5.0,1,0.0000,0.5892,0.9602,0.5706,0.0000,0.0000,0.0000
19,-5.0,1,0.0000,0.5058,0.9637,0.6306,0.0000,0.0000,0.0000
20,-5.0,1,0.0000,0.4512,0.9609,0.6768,0.0000,0.0000,0.0000
21,-5.0,1,0.0000,0.3893,0.9669,0.7454,0.0000,0.0000,0.0000
22,-5.0,1,0.0000,0.2526,0.9665,0.7729,0.0000,0.0000,0.0000
23,-5.0,1,0.0000,0.0827,0.9643,0.7713,0.0000,0.0000,0.0000
24,-5.0,1,0.0000,0.0205,0.9599,0.7886,0.0000,0.0000,0.0000
25,-5.0,1,0.0000,0.0030,0.9605,0.8120,0.0000,0.0000,0.0000
26,-5.0,1,0.0000,0.0000,0.9584,0.8404,0.0000,0.0000,0.0000
27,-5.0,1,0.0000,0.0000,0.9530,0.8508,0.0000,0.0000,0.0000
28,-5.0,1,0.0000,0.0000,0.9482,0.8703,0.0000,0.0000,0.0000
29,-5.0,1,0.0000,0.0000,0.9445,0.8842,0.0000,0.0000,0.0000
30,-5.0,1,0.0000,0.0000,0.9389,0.8932,0.0000,0.0000,0.0000
31,-5.0,1,0.0000,0.0000,0.9309,0.8995,0.0000,0.0000,0.0000
32,-5.0,1,0.0000,0.0000,0.9301,0.9067,0.0000,0.0000,0.0000
33,-5.0,1,0.0000,0.0000,0.9206,0.9182,0.0000,0.0000,0.0000
34,-5.0,1,0.0000,0.0000,0.9080,0.9281,0.0000,0.0000,0.0000
35,-5.0,1,0.0000,0.0000,0.8919,0.9345,0.0000,0.0000,0.0000
36,-5.0,1,0.0000,0.0000,0.8713,0.9373,0.0000,0.0000,0.0000
37,-5.0,1,0.0000,0.0000,0.8534,0.9452,0.1377,0.0000,0.0000
38,-5.0,1,0.0000,0.0000,0.8379,0.9482,0.2830,0.0000,0.0000
39,-5.0,1,0.0000,0.0000,0.7920,0.9528,0.4310,0.0000,0.0000
40,-5.0,1,0.0000,0.0000,0.7304,0.9576,0.5293,0.0000,0.0000
41,-5.0,1,0.0000,0.0000,0.6545,0.9559,0.6131,0.0000,0.0000
42,-5.0,1,0.0000,0.0000,0.5920,0.9612,0.6882,0.0000,0.0000
43,-5.0,1,0.0000,0.0000,0.5118,0.9639,0.7270,0.0000,0.0000
44,-5.0,1,0.0000,0.0000,0.4425,0.9631,0.7507,0.0000,0.0000
45,-5.0,1,0.0000,0.0000,0.3522,0.9662,0.7719,0.0000,0.0000
46,-5.0,1,0.0000,0.0000,0.2660,0.9676,0.7823,0.0000,0.0000
47,-5.0,1,0.0000,0.0000,0.1581,0.9667,0.7865,0.0000,0.0000
48,-5.0,1,0.0000,0.0000,0.0502,0.9655,0.7890,0.0000,0.0000
49,-5.0,1,0.0000,0.0000,0.0193,0.9632,0.8038,0.0000,0.0000
50,-5.0,1,0.0000,0.0000,0.0078,0.9630,0.8011,0.0000,0.0000
51,-5.0,1,0.0000,0.0000,0.0034,0.9630,0.8217,0.0000,0.0000
52,-5.0,1,0.0000,0.0000,0.0030,0.9597,0.8457,0.0000,0.0000
53,-5.0,1,0.0000,0.0000,0.0000,0.9572,0.8689,0.0000,0.0000
54,-5.0,1,0.0000,0.0000,0.0000,0.9548,0.8869,0.0000,0.0000
55,-5.0,1,0.0000,0.0000,0.0000,0.9480,0.9002,0.0000,0.0000
56,-5.0,1,0.0000,0.0000,0.0000,0.9430,0.9119,0.0000,0.0000
57,-5.0,1,0.0000,0.0000,0.0000,0.9349,0.9267,0.0000,0.0000
58,-5.0,1,0.0000,0.0000,0.0000,0.9298,0.9354,0.0000,0.0000
59,-5.0,1,0.0000,0.0000,0.0000,0.9119,0.9436,0.0000,0.0000
60,-5.0,1,0.0000,0.0000,0.0000,0.9036,0.9475,0.0140,0.0000
61,-5.0,1,0.0000,0.0000,0.0000,0.8886,0.9552,0.0341,0.0000
62,-5.0,1,0.0000,0.0000,0.0000,0.8643,0.9591,0.1427,0.0000
63,-5.0,1,0.0000,0.0000,0.0000,0.8261,0.9637,0.2828,0.0000
64,-5.0,1,0.0000,0.0000,0.0000,0.7647,0.9673,0.3839,0.0000
65,-5.0,1,0.0000,0.0000,0.0000,0.7076,0.9697,0.5037,0.0000
66,-5.0,1,0.0000,0.0000,0.0000,0.6291,0.9710,0.5967,0.0000
67,-5.0,1,0.0000,0.0000,0.0000,0.5583,0.9732,0.6747,0.0000
68,-5.0,1,0.0000,0.0000,0.0000,0.4980,0.9745,0.7491,0.0000
69,-5.0,1,0.0000,0.0000,0.0000,0.4486,0.9757,0.7955,0.0000
70,-5.0,1,0.0000,0.0000,0.0000,0.3448,0.9768,0.8504,0.0000
0,-7.5,1,0.0023,0.9760,0.7446,0.0365,0.0072,0.0000,0.0000
1,-7.5,1,0.0000,0.9750,0.7594,0.0192,0.0010,0.0000,0.0000
2,-7.5,1,0.0000,0.9728,0.7926,0.0131,0.0000,0.0000,0.0000
3,-7.5,1,0.0000,0.9695,0.8117,0.0190,0.0011,0.0000,0.0000
4,-7.5,1,0.0000,0.9641,0.8316,0.0174,0.0000,0.0000,0.0000
5,-7.5,1,0.0000,0.9584,0.8558,0.0292,0.0000,0.0000,0.0000
6,-7.5,1,0.0000,0.9475,0.8762,0.0402,0.0000,0.0000,0.0000
7,-7.5,1,0.0000,0.9362,0.8898,0.0282,0.0000,0.0000,0.0000
8,-7.5,1,0.0000,0.9227,0.8986,0.0411,0.0000,0.0000,0.0000
9,-7.5,1,0.0000,0.9132,0.9079,0.0424,0.0069,0.0000,0.0000
10,-7.5,1,0.0000,0.8958,0.9204,0.0415,0.0000,0.0000,0.0000
11,-7.5,1,0.0000,0.8745,0.9291,0.0544,0.0022,0.0000,0.0000
12,-7.5,1,0.0000,0.8477,0.9363,0.0850,0.0000,0.0000,0.0000
13,-7.5,1,0.0000,0.8193,0.9412,0.1478,0.0000,0.0000,0.0000
14,-7.5,1,0.0000,0.7867,0.9502,0.2105,0.0000,0.0000,0.0000
15,-7.5,1,0.0000,0.7619,0.9469,0.2646,0.0050,0.0026,0.0000
16,-7.5,1,0.0000,0.7306,0.9560,0.3590,0.0000,0.0000,0.0000
17,-7.5,1,0.0000,0.6874,0.9580,0.4878,0.0000,0.0000,0.0000
18,-7.5,1,0.0000,0.6225,0.9614,0.5713,0.0000,0.0000,0.0000
19,-7.5,1,0.0000,0.5615,0.9638,0.6318,0.0000,0.0000,0.0000
20,-7.5,1,0.0000,0.4404,0.9651,0.6877,0.0000,0.0000,0.0000
21,-7.5,1,0.0000,0.2998,0.9642,0.7368,0.0000,0.0000,0.0000
22,-7.5,1,0.0000,0.1388,0.9694,0.7547,0.0000,0.0000,0.0000
23,-7.5,1,0.0000,0.0580,0.9699,0.7630,0.0021,0.0000,0.0000
24,-7.5,1,0.0000,0.0098,0.9689,0.7910,0.0015,0.0000,0.0000
25,-7.5,1,0.0000,0.0143,0.9646,0.8177,0.0000,0.0000,0.0000
26,-7.5,1,0.0000,0.0034,0.9641,0.8344,0.0000,0.0000,0.0000
27,-7.5,1,0.0000,0.0064,0.9620,0.8557,0.0056,0.0000,0.0000
28,-7.5,1,0.0000,0.0036,0.9586,0.8686,0.0071,0.0000,0.0000
29,-7.5,1,0.0000,0.0000,0.9540,0.8775,0.0072,0.0000,0.0000
30,-7.5,1,0.0000,0.0000,0.9462,0.8914,0.0010,0.0000,0.0000
31,-7.5,1,0.0000,0.0000,0.9443,0.9015,0.0087,0.0000,0.0000
32,-7.5,1,0.0000,0.0000,0.9336,0.9177,0.0126,0.0000,0.0000
33,-7.5,1,0.0000,0.0000,0.9230,0.9270,0.0036,0.0000,0.0000
34,-7.5,1,0.0000,0.0000,0.9146,0.9344,0.0017,0.0000,0.0000
35,-7.5,1,0.0000,0.0000,0.8979,0.9362,0.0004,0.0000,0.0000
36,-7.5,1,0.0000,0.0000,0.8856,0.9364,0.0034,0.0000,0.0000
37,-7.5,1,0.0000,0.0000,0.8654,0.9408,0.1069,0.0000,0.0000
38,-7.5,1,0.0000,0.0000,0.8391,0.9434,0.2946,0.0000,0.0000
39,-7.5,1,0.0000,0.0000,0.7995,0.9480,0.4270,0.0000,0.0000
40,-7.5,1,0.0000,0.0000,0.7406,0.9506,0.5382,0.0000,0.0000
41,-7.5,1,0.0000,0.0000,0.6766,0.9541,0.6057,0.0000,0.0000
42,-7.5,1,0.0000,0.0000,0.6079,0.9534,0.6781,0.0000,0.0000
43,-7.5,1,0.0000,0.0000,0.5229,0.9533,0.7187,0.0000,0.0000
44,-7.5,1,0.0000,0.0000,0.4700,0.9555,0.7457,0.0000,0.0000
45,-7.5,1,0.0000,0.0000,0.4003,0.9579,0.7526,0.0000,0.0000
46,-7.5,1,0.0000,0.0000,0.3057,0.9570,0.7689,0.0000,0.0000
47,-7.5,1,0.0000,0.0000,0.1726,0.9602,0.7768,0.0000,0.0000
48,-7.5,1,0.0000,0.0000,0.0643,0.9616,0.7943,0.0000,0.0000
49,-7.5,1,0.0000,0.0000,0.0355,0.9639,0.8012,0.0000,0.0000
50,-7.5,1,0.0000,0.0000,0.0030,0.9598,0.8144,0.0000,0.0000
51,-7.5,1,0.0000,0.0000,0.0019,0.9605,0.8272,0.0000,0.0000
52,-7.5,1,0.0000,0.0000,0.0000,0.9573,0.8410,0.0000,0.0000
53,-7.5,1,0.0000,0.0000,0.0000,0.9548,0.8612,0.0000,0.0000
54,-7.5,1,0.0000,0.0000,0.0000,0.9513,0.8851,0.0000,0.0000
55,-7.5,1,0.0000,0.0000,0.0000,0.9455,0.9052,0.0000,0.0000
56,-7.5,1,0.0000,0.0000,0.0000,0.9395,0.9229,0.0000,0.0000
57,-7.5,1,0.0000,0.0000,0.0000,0.9302,0.9330,0.0000,0.0000
58,-7.5,1,0.0000,0.0000,0.0000,0.9163,0.9423,0.0000,0.0000
59,-7.5,1,0.0000,0.0000,0.0000,0.9084,0.9464,0.0028,0.0000
60,-7.5,1,0.0000,0.0000,0.0000,0.8967,0.9541,0.0022,0.0000
61,-7.5,1,0.0000,0.0000,0.0000,0.8749,0.9601,0.0370,0.0000
62,-7.5,1,0.0000,0.0000,0.0000,0.8412,0.9648,0.1810,0.0000
63,-7.5,1,0.0000,0.0000,0.0000,0.8010,0.9632,0.3009,0.0000
64,-7.5,1,0.0000,0.0000,0.0000,0.7600,0.9683,0.4216,0.0000
65,-7.5,1,0.0000,0.0000,0.0000,0.7027,0.9730,0.5065,0.0000
66,-7.5,1,0.0000,0.0000,0.0000,0.6351,0.9755,0.5867,0.0000
67,-7.5,1,0.0000,0.0000,0.0000,0.5730,0.9789,0.6501,0.0000
68,-7.5,1,0.0000,0.0000,0.0000,0.4941,0.9813,0.7046,0.0000
69,-7.5,1,0.0000,0.0000,0.0000,0.3895,0.9805,0.7603,0.0000
70,-7.5,1,0.0000,0.0000,0.0000,0.2922,0.9815,0.8100,0.0000
0,-10.0,1,0.0000,0.9806,0.7306,0.0000,0.0061,0.0000,0.0000
1,-10.0,1,0.0000,0.9755,0.7485,0.0000,0.0009,0.0000,0.0000
2,-10.0,1,0.0000,0.9749,0.7862,0.0000,0.0087,0.0000,0.0000
3,-10.0,1,0.0000,0.9677,0.8174,0.0111,0.0157,0.0000,0.0000
4,-10.0,1,0.0000,0.9608,0.8385,0.0101,0.0000,0.0000,0.0000
5,-10.0,1,0.0000,0.9540,0.8660,0.0241,0.0085,0.0000,0.0000
6,-10.0,1,0.0000,0.9450,0.8825,0.0429,0.0000,0.0000,0.0000
7,-10.0,1,0.0000,0.9349,0.8957,0.0274,0.0000,0.0000,0.0000
8,-10.0,1,0.0000,0.9185,0.9044,0.0335,0.0000,0.0000,0.0000
9,-10.0,1,0.0000,0.9035,0.9190,0.0438,0.0000,0.0000,0.0000
10,-10.0,1,0.0000,0.8773,0.9300,0.0481,0.0033,0.0000,0.0000
11,-10.0,1,0.0000,0.8490,0.9406,0.0529,0.0000,0.0000,0.0000
12,-10.0,1,0.0000,0.8287,0.9491,0.0599,0.0089,0.0000,0.0000
13,-10.0,1,0.0000,0.7990,0.9520,0.0801,0.0000,0.0000,0.0000
14,-10.0,1,0.0000,0.7569,0.9534,0.1440,0.0000,0.0000,0.0000
15,-10.0,1,0.0000,0.7240,0.9620,0.2340,0.0000,0.0000,0.0000
16,-10.0,1,0.0000,0.6662,0.9618,0.2886,0.0000,0.0000,0.0000
17,-10.0,1,0.0000,0.6337,0.9660,0.4059,0.0000,0.0000,0.0000
18,-10.0,1,0.0000,0.5976,0.9653,0.5338,0.0000,0.0000,0.0000
19,-10.0,1,0.0000,0.5488,0.9695,0.5965,0.0000,0.0000,0.0000
20,-10.0,1,0.0000,0.4750,0.9731,0.6647,0.0043,0.0000,0.0000
21,-10.0,1,0.0000,0.3834,0.9703,0.7149,0.0069,0.0000,0.0000
22,-10.0,1,0.0000,0.2736,0.9710,0.7351,0.0009,0.0000,0.0000
23,-10.0,1,0.0000,0.1804,0.9701,0.7708,0.0000,0.0000,0.0000
24,-10.0,1,0.0000,0.0621,0.9679,0.7874,0.0000,0.0000,0.0000
25,-10.0,1,0.0000,0.0359,0.9697,0.8043,0.0001,0.0000,0.0000
26,-10.0,1,0.0000,0.0097,0.9647,0.8385,0.0000,0.0000,0.0000
27,-10.0,1,0.0000,0.0060,0.9631,0.8713,0.0000,0.0000,0.0000
28,-10.0,1,0.0000,0.0046,0.9577,0.8941,0.0009,0.0000,0.0000
29,-10.0,1,0.0000,0.0127,0.9550,0.9050,0.0160,0.0000,0.0000
30,-10.0,1,0.0000,0.0022,0.9473,0.9148,0.0018,0.0000,0.0000
31,-10.0,1,0.0000,0.0032,0.9381,0.9256,0.0140,0.0000,0.0000
32,-10.0,1,0.0000,0.0000,0.9288,0.9397,0.0110,0.0000,0.0000
33,-10.0,1,0.0000,0.0000,0.9204,0.9433,0.0097,0.0000,0.0000
34,-10.0,1,0.0000,0.0000,0.9143,0.9501,0.0000,0.0000,0.0000
35,-10.0,1,0.0000,0.0000,0.8957,0.9465,0.0000,0.0000,0.0000
36,-10.0,1,0.0000,0.0000,0.8812,0.9537,0.0027,0.0000,0.0000
37,-10.0,1,0.0000,0.0000,0.8534,0.9577,0.0068,0.0000,0.0000
38,-10.0,1,0.0000,0.0000,0.8284,0.9592,0.1135,0.0000,0.0000
39,-10.0,1,0.0000,0.0000,0.7931,0.9615,0.3056,0.0000,0.0000
40,-10.0,1,0.0000,0.0000,0.7558,0.9639,0.4479,0.0000,0.0000
41,-10.0,1,0.0000,0.0000,0.6982,0.9652,0.5445,0.0000,0.0000
42,-10.0,1,0.0000,0.0000,0.6249,0.9643,0.6313,0.0000,0.0000
43,-10.0,1,0.0000,0.0000,0.5415,0.9620,0.6765,0.0000,0.0000
44,-10.0,1,0.0000,0.0000,0.4698,0.9596,0.7165,0.0000,0.0000
45,-10.0,1,0.0000,0.0000,0.4204,0.9583,0.7444,0.0000,0.0000
46,-10.0,1,0.0000,0.0000,0.3573,0.9592,0.7608,0.0000,0.0000
47,-10.0,1,0.0000,0.0000,0.2908,0.9593,0.7645,0.0000,0.0000
48,-10.0,1,0.0000,0.0000,0.1733,0.9637,0.7795,0.0000,0.0000
49,-10.0,1,0.0000,0.0000,0.0591,0.9565,0.7872,0.0000,0.0000
50,-10.0,1,0.0000,0.0000,0.0096,0.9580,0.8193,0.0000,0.0000
51,-10.0,1,0.0000,0.0000,0.0005,0.9527,0.8486,0.0000,0.0000
52,-10.0,1,0.0000,0.0000,0.0090,0.9511,0.8609,0.0000,0.0000
53,-10.0,1,0.0000,0.0000,0.0000,0.9466,0.8798,0.0000,0.0000
54,-10.0,1,0.0000,0.0000,0.0016,0.9385,0.8942,0.0000,0.0000
55,-10.0,1,0.0000,0.0000,0.0000,0.9366,0.9145,0.0000,0.0000
56,-10.0,1,0.0000,0.0000,0.0000,0.9310,0.9332,0.0000,0.0000
57,-10.0,1,0.0000,0.0000,0.0000,0.9174,0.9340,0.0000,0.0000
58,-10.0,1,0.0000,0.0000,0.0005,0.9030,0.9435,0.0000,0.0000
59,-10.0,1,0.0000,0.0000,0.0000,0.8897,0.9475,0.0023,0.0000
60,-10.0,1,0.0000,0.0000,0.0000,0.8775,0.9542,0.0000,0.0000
61,-10.0,1,0.0000,0.0000,0.0000,0.8665,0.9642,0.0264,0.0000
62,-10.0,1,0.0000,0.0000,0.0000,0.8437,0.9652,0.0261,0.0000
63,-10.0,1,0.0000,0.0000,0.0000,0.8012,0.9737,0.1665,0.0000
64,-10.0,1,0.0000,0.0000,0.0000,0.7557,0.9745,0.3180,0.0000
65,-10.0,1,0.0000,0.0000,0.0000,0.7045,0.9757,0.4418,0.0000
66,-10.0,1,0.0000,0.0000,0.0000,0.6299,0.9768,0.5146,0.0000
67,-10.0,1,0.0000,0.0000,0.0000,0.5486,0.9769,0.5998,0.0000
68,-10.0,1,0.0000,0.0000,0.0000,0.4742,0.9801,0.6453,0.0000
69,-10.0,1,0.0000,0.0000,0.0000,0.4277,0.9793,0.7144,0.0000
70,-10.0,1,0.0000,0.0000,0.0000,0.3547,0.9793,0.7797,0.0000
0,-12.5,1,0.0346,0.9703,0.7822,0.0000,0.0000,0.0000,0.0000
1,-12.5,1,0.0000,0.9693,0.8107,0.0000,0.0091,0.0000,0.0000
2,-12.5,1,0.0000,0.9661,0.8262,0.0008,0.0000,0.0000,0.0000
3,-12.5,1,0.0000,0.9617,0.8447,0.0113,0.0038,0.0000,0.0000
4,-12.5,1,0.0000,0.9540,0.8655,0.0000,0.0048,0.0000,0.0000
5,-12.5,1,0.0000,0.9481,0.8835,0.0063,0.0112,0.0000,0.0000
6,-12.5,1,0.0000,0.9393,0.9032,0.0172,0.0201,0.0000,0.0000
7,-12.5,1,0.0000,0.9323,0.9147,0.0162,0.0012,0.0000,0.0000
8,-12.5,1,0.0000,0.9213,0.9264,0.0052,0.0035,0.0000,0.0000
9,-12.5,1,0.0000,0.9058,0.9381,0.0171,0.0000,0.0000,0.0000
10,-12.5,1,0.0000,0.8899,0.9499,0.0151,0.0081,0.0000,0.0000
11,-12.5,1,0.0000,0.8688,0.9574,0.0214,0.0063,0.0000,0.0000
12,-12.5,1,0.0000,0.8410,0.9624,0.0372,0.0113,0.0000,0.0000
13,-12.5,1,0.0000,0.7961,0.9629,0.0366,0.0087,0.0000,0.0000
14,-12.5,1,0.0000,0.7556,0.9661,0.0420,0.0115,0.0000,0.0000
15,-12.5,1,0.0000,0.7249,0.9675,0.1261,0.0000,0.0000,0.0000
16,-12.5,1,0.0000,0.6951,0.9697,0.2029,0.0000,0.0000,0.0000
17,-12.5,1,0.0000,0.6520,0.9710,0.2736,0.0000,0.0000,0.0000
18,-12.5,1,0.0000,0.6200,0.9711,0.3621,0.0000,0.0000,0.0000
19,-12.5,1,0.0000,0.5921,0.9743,0.4925,0.0053,0.0000,0.0000
20,-12.5,1,0.0000,0.5441,0.9746,0.5978,0.0029,0.0000,0.0000
21,-12.5,1,0.0000,0.4725,0.9725,0.6496,0.0000,0.0000,0.0000
22,-12.5,1,0.0000,0.3934,0.9702,0.7351,0.0000,0.0000,0.0000
23,-12.5,1,0.0000,0.2982,0.9721,0.7925,0.0137,0.0000,0.0000
24,-12.5,1,0.0000,0.2013,0.9712,0.8330,0.0058,0.0000,0.0000
25,-12.5,1,0.0000,0.0848,0.9680,0.8588,0.0133,0.0000,0.0000
26,-12.5,1,0.0000,0.0423,0.9624,0.8820,0.0162,0.0054,0.0000
27,-12.5,1,0.0000,0.0052,0.9586,0.8995,0.0133,0.0000,0.0000
28,-12.5,1,0.0000,0.0000,0.9572,0.9208,0.0078,0.0000,0.0000
29,-12.5,1,0.0000,0.0000,0.9518,0.9338,0.0219,0.0000,0.0000
30,-12.5,1,0.0000,0.0000,0.9491,0.9427,0.0139,0.0000,0.0000
31,-12.5,1,0.0000,0.0000,0.9425,0.9479,0.0069,0.0000,0.0000
32,-12.5,1,0.0000,0.0000,0.9250,0.9582,0.0218,0.0000,0.0000
33,-12.5,1,0.0000,0.0000,0.9137,0.9603,0.0160,0.0021,0.0000
34,-12.5,1,0.0000,0.0000,0.8946,0.9660,0.0185,0.0000,0.0000
35,-12.5,1,0.0000,0.0000,0.8758,0.9654,0.0115,0.0000,0.0000
36,-12.5,1,0.0000,0.0000,0.8623,0.9675,0.0024,0.0000,0.0000
37,-12.5,1,0.0000,0.0000,0.8493,0.9699,0.0068,0.0000,0.0000
38,-12.5,1,0.0000,0.0000,0.8375,0.9713,0.0114,0.0000,0.0000
39,-12.5,1,0.0000,0.0000,0.8099,0.9703,0.0462,0.0000,0.0000
40,-12.5,1,0.0000,0.0000,0.7797,0.9691,0.2437,0.0000,0.0000
41,-12.5,1,0.0000,0.0000,0.7450,0.9712,0.4250,0.0000,0.0000
42,-12.5,1,0.0000,0.0000,0.6834,0.9725,0.5161,0.0000,0.0000
43,-12.5,1,0.0000,0.0000,0.6044,0.9726,0.6066,0.0000,0.0000
44,-12.5,1,0.0000,0.0000,0.5247,0.9715,0.6500,0.0000,0.0000
45,-12.5,1,0.0000,0.0000,0.4586,0.9703,0.7201,0.0000,0.0000
46,-12.5,1,0.0000,0.0000,0.4140,0.9670,0.7646,0.0000,0.0000
47,-12.5,1,0.0000,0.0000,0.3641,0.9644,0.7962,0.0000,0.0000
48,-12.5,1,0.0000,0.0000,0.3073,0.9620,0.8285,0.0026,0.0000
49,-12.5,1,0.0000,0.0000,0.2256,0.9574,0.8464,0.0000,0.0000
50,-12.5,1,0.0000,0.0000,0.0981,0.9559,0.8648,0.0000,0.0000
51,-12.5,1,0.0000,0.0000,0.0209,0.9503,0.8750,0.0000,0.0000
52,-12.5,1,0.0000,0.0000,0.0121,0.9498,0.8917,0.0000,0.0000
53,-12.5,1,0.0000,0.0000,0.0039,0.9432,0.9069,0.0000,0.0000
54,-12.5,1,0.0000,0.0000,0.0020,0.9382,0.9188,0.0000,0.0000
55,-12.5,1,0.0000,0.0000,0.0029,0.9355,0.9305,0.0000,0.0000
56,-12.5,1,0.0000,0.0000,0.0000,0.9266,0.9389,0.0000,0.0000
57,-12.5,1,0.0000,0.0000,0.0000,0.9148,0.9450,0.0000,0.0000
58,-12.5,1,0.0000,0.0000,0.0000,0.9017,0.9550,0.0000,0.0000
59,-12.5,1,0.0000,0.0000,0.0000,0.8830,0.9570,0.0024,0.0000
60,-12.5,1,0.0000,0.0000,0.0000,0.8725,0.9645,0.0042,0.0000
61,-12.5,1,0.0000,0.0000,0.0000,0.8453,0.9622,0.0126,0.0000
62,-12.5,1,0.0000,0.0000,0.0000,0.8350,0.9692,0.0288,0.0000
63,-12.5,1,0.0000,0.0000,0.0000,0.8101,0.9699,0.0346,0.0000
64,-12.5,1,0.0000,0.0000,0.0000,0.7805,0.9731,0.1202,0.0000
65,-12.5,1,0.0000,0.0000,0.0000,0.7352,0.9745,0.2498,0.0000
66,-12.5,1,0.0000,0.0000,0.0000,0.6720,0.9767,0.4001,0.0000
67,-12.5,1,0.0000,0.0000,0.0000,0.6038,0.9780,0.4807,0.0000
68,-12.5,1,0.0000,0.0000,0.0000,0.5210,0.9802,0.5677,0.0000
69,-12.5,1,0.0000,0.0000,0.0000,0.4715,0.9814,0.6420,0.0000
70,-12.5,1,0.0000,0.0000,0.0000,0.4307,0.9816,0.7253,0.0000
0,-15.0,1,0.1851,0.9680,0.8350,0.0000,0.0107,0.0000,0.0000
1,-15.0,1,0.0848,0.9639,0.8519,0.0000,0.0024,0.0000,0.0000
2,-15.0,1,0.0015,0.9594,0.8663,0.0000,0.0000,0.0000,0.0000
3,-15.0,1,0.0000,0.9528,0.8825,0.0000,0.0053,0.0000,0.0000
4,-15.0,1,0.0000,0.9501,0.9000,0.0042,0.0143,0.0000,0.0000
5,-15.0,1,0.0000,0.9416,0.9175,0.0000,0.0069,0.0000,0.0000
6,-15.0,1,0.0000,0.9366,0.9246,0.0000,0.0030,0.0000,0.0000
7,-15.0,1,0.0000,0.9289,0.9401,0.0098,0.0026,0.0022,0.0000
8,-15.0,1,0.0000,0.9189,0.9501,0.0111,0.0120,0.0000,0.0000
9,-15.0,1,0.0000,0.9076,0.9553,0.0101,0.0004,0.0000,0.0000
10,-15.0,1,0.0000,0.8952,0.9622,0.0089,0.0000,0.0000,0.0000
11,-15.0,1,0.0000,0.8806,0.9681,0.0273,0.0135,0.0000,0.0000
12,-15.0,1,0.0000,0.8617,0.9698,0.0204,0.0089,0.0005,0.0000
13,-15.0,1,0.0000,0.8228,0.9721,0.0208,0.0262,0.0000,0.0000
14,-15.0,1,0.0000,0.7850,0.9681,0.0122,0.0000,0.0013,0.0000
15,-15.0,1,0.0000,0.7545,0.9729,0.0298,0.0000,0.0000,0.0000
16,-15.0,1,0.0000,0.7124,0.9724,0.1173,0.0071,0.0000,0.0000
17,-15.0,1,0.0000,0.6764,0.9723,0.2357,0.0135,0.0000,0.0000
18,-15.0,1,0.0000,0.6419,0.9765,0.3626,0.0000,0.0000,0.0000
19,-15.0,1,0.0000,0.6087,0.9770,0.4936,0.0001,0.0000,0.0000
20,-15.0,1,0.0000,0.5714,0.9770,0.5969,0.0044,0.0000,0.0000
21,-15.0,1,0.0000,0.5225,0.9781,0.6897,0.0000,0.0000,0.0000
22,-15.0,1,0.0000,0.4673,0.9760,0.7815,0.0178,0.0000,0.0000
23,-15.0,1,0.0000,0.3888,0.9769,0.8330,0.0114,0.0000,0.0000
24,-15.0,1,0.0000,0.3029,0.9728,0.8707,0.0076,0.0000,0.0000
25,-15.0,1,0.0000,0.2162,0.9681,0.8995,0.0021,0.0000,0.0000
26,-15.0,1,0.0000,0.1099,0.9655,0.9175,0.0109,0.0000,0.0000
27,-15.0,1,0.0000,0.0479,0.9621,0.9291,0.0149,0.0000,0.0000
28,-15.0,1,0.0000,0.0000,0.9597,0.9411,0.0132,0.0000,0.0000
29,-15.0,1,0.0000,0.0000,0.9520,0.9499,0.0183,0.0000,0.0000
30,-15.0,1,0.0000,0.0000,0.9396,0.9584,0.0073,0.0000,0.0000
31,-15.0,1,0.0000,0.0000,0.9374,0.9647,0.0291,0.0000,0.0000
32,-15.0,1,0.0000,0.0000,0.9276,0.9664,0.0188,0.0000,0.0000
33,-15.0,1,0.0000,0.0000,0.9182,0.9720,0.0146,0.0000,0.0000
34,-15.0,1,0.0000,0.0000,0.9004,0.9725,0.0048,0.0000,0.0000
35,-15.0,1,0.0000,0.0000,0.8817,0.9759,0.0143,0.0000,0.0000
36,-15.0,1,0.0000,0.0000,0.8692,0.9773,0.0236,0.0000,0.0000
37,-15.0,1,0.0000,0.0000,0.8564,0.9774,0.0141,0.0000,0.0000
38,-15.0,1,0.0000,0.0000,0.8382,0.9807,0.0204,0.0000,0.0000
39,-15.0,1,0.0000,0.0000,0.8195,0.9810,0.0221,0.0048,0.0000
40,-15.0,1,0.0000,0.0000,0.7933,0.9810,0.0702,0.0000,0.0000
41,-15.0,1,0.0000,0.0000,0.7664,0.9821,0.2659,0.0000,0.0000
42,-15.0,1,0.0000,0.0000,0.7225,0.9812,0.4345,0.0000,0.0000
43,-15.0,1,0.0000,0.0000,0.6600,0.9800,0.5786,0.0000,0.0000
44,-15.0,1,0.0000,0.0000,0.5756,0.9777,0.6577,0.0000,0.0000
45,-15.0,1,0.0000,0.0000,0.4911,0.9775,0.7333,0.0000,0.0000
46,-15.0,1,0.0000,0.0000,0.4267,0.9731,0.8004,0.0000,0.0000
47,-15.0,1,0.0000,0.0000,0.3970,0.9705,0.8300,0.0000,0.0000
48,-15.0,1,0.0000,0.0000,0.3561,0.9670,0.8569,0.0000,0.0000
49,-15.0,1,0.0000,0.0000,0.3076,0.9634,0.8794,0.0000,0.0000
50,-15.0,1,0.0000,0.0000,0.2014,0.9565,0.8942,0.0000,0.0000
51,-15.0,1,0.0000,0.0000,0.0872,0.9493,0.9061,0.0018,0.0000
52,-15.0,1,0.0000,0.0000,0.0230,0.9453,0.9146,0.0000,0.0000
53,-15.0,1,0.0000,0.0000,0.0271,0.9460,0.9311,0.0004,0.0000
54,-15.0,1,0.0000,0.0000,0.0000,0.9396,0.9390,0.0000,0.0000
55,-15.0,1,0.0000,0.0000,0.0035,0.9291,0.9471,0.0106,0.0000
56,-15.0,1,0.0000,0.0000,0.0041,0.9162,0.9562,0.0000,0.0000
57,-15.0,1,0.0000,0.0000,0.0147,0.9051,0.9603,0.0000,0.0000
58,-15.0,1,0.0000,0.0000,0.0147,0.9018,0.9617,0.0161,0.0000
59,-15.0,1,0.0000,0.0000,0.0041,0.8863,0.9671,0.0220,0.0000
60,-15.0,1,0.0000,0.0000,0.0062,0.8739,0.9718,0.0195,0.0000
61,-15.0,1,0.0000,0.0000,0.0012,0.8563,0.9754,0.0100,0.0000
62,-15.0,1,0.0000,0.0000,0.0000,0.8361,0.9768,0.0286,0.0000
63,-15.0,1,0.0000,0.0000,0.0000,0.8189,0.9801,0.0376,0.0000
64,-15.0,1,0.0000,0.0000,0.0000,0.7803,0.9804,0.0518,0.0000
65,-15.0,1,0.0000,0.0000,0.0000,0.7460,0.9794,0.1076,0.0000
66,-15.0,1,0.0000,0.0000,0.0000,0.6948,0.9782,0.2680,0.0000
67,-15.0,1,0.0000,0.0000,0.0000,0.6441,0.9812,0.4255,0.0000
68,-15.0,1,0.0000,0.0000,0.0000,0.5858,0.9815,0.5561,0.0000
69,-15.0,1,0.0000,0.0000,0.0000,0.5127,0.9795,0.6327,0.0000
70,-15.0,1,0.0000,0.0000,0.0000,0.4522,0.9824,0.7070,0.0000
0,-17.5,1,0.1985,0.9737,0.8573,0.0000,0.0000,0.0000,0.0000
1,-17.5,1,0.0691,0.9696,0.8710,0.0000,0.0000,0.0000,0.0000
2,-17.5,1,0.0000,0.9672,0.8787,0.0000,0.0000,0.0000,0.0000
3,-17.5,1,0.0000,0.9628,0.8954,0.0000,0.0000,0.0000,0.0000
4,-17.5,1,0.0000,0.9531,0.9118,0.0000,0.0000,0.0000,0.0000
5,-17.5,1,0.0000,0.9419,0.9282,0.0000,0.0000,0.0000,0.0000
6,-17.5,1,0.0000,0.9387,0.9394,0.0000,0.0000,0.0000,0.0000
7,-17.5,1,0.0000,0.9291,0.9500,0.0000,0.0000,0.0000,0.0000
8,-17.5,1,0.0000,0.9189,0.9595,0.0096,0.0000,0.0000,0.0000
9,-17.5,1,0.0000,0.9046,0.9689,0.0045,0.0000,0.0000,0.0000
10,-17.5,1,0.0000,0.8898,0.9720,0.0040,0.0000,0.0000,0.0000
11,-17.5,1,0.0000,0.8718,0.9744,0.0192,0.0000,0.0000,0.0000
12,-17.5,1,0.0000,0.8618,0.9767,0.0142,0.0000,0.0000,0.0000
13,-17.5,1,0.0000,0.8413,0.9791,0.0267,0.0000,0.0000,0.0000
14,-17.5,1,0.0000,0.8023,0.9783,0.0866,0.0000,0.0000,0.0000
15,-17.5,1,0.0000,0.7665,0.9792,0.1631,0.0000,0.0000,0.0000
16,-17.5,1,0.0000,0.7301,0.9783,0.2783,0.0000,0.0000,0.0000
17,-17.5,1,0.0000,0.6915,0.9803,0.3777,0.0068,0.0000,0.0000
18,-17.5,1,0.0000,0.6547,0.9784,0.4528,0.0000,0.0000,0.0000
19,-17.5,1,0.0000,0.6182,0.9824,0.5407,0.0000,0.0000,0.0000
20,-17.5,1,0.0000,0.5745,0.9839,0.6537,0.0000,0.0000,0.0000
21,-17.5,1,0.0000,0.5218,0.9809,0.7594,0.0000,0.0000,0.0000
22,-17.5,1,0.0000,0.4806,0.9827,0.8188,0.0000,0.0000,0.0000
23,-17.5,1,0.0000,0.4117,0.9797,0.8487,0.0000,0.0000,0.0000
24,-17.5,1,0.0000,0.2980,0.9783,0.8831,0.0034,0.0000,0.0000
25,-17.5,1,0.0000,0.2157,0.9718,0.8996,0.0000,0.0000,0.0000
26,-17.5,1,0.0000,0.0698,0.9744,0.9219,0.0000,0.0000,0.0000
27,-17.5,1,0.0000,0.0316,0.9693,0.9393,0.0000,0.0000,0.0000
28,-17.5,1,0.0000,0.0000,0.9657,0.9508,0.0029,0.0000,0.0000
29,-17.5,1,0.0000,0.0000,0.9579,0.9617,0.0172,0.0000,0.0000
30,-17.5,1,0.0000,0.0000,0.9508,0.9683,0.0020,0.0000,0.0000
31,-17.5,1,0.0000,0.0000,0.9406,0.9700,0.0109,0.0000,0.0000
32,-17.5,1,0.0000,0.0000,0.9322,0.9723,0.0000,0.0000,0.0000
33,-17.5,1,0.0000,0.0000,0.9176,0.9737,0.0000,0.0000,0.0000
34,-17.5,1,0.0000,0.0000,0.9056,0.9803,0.0074,0.0000,0.0000
35,-17.5,1,0.0000,0.0000,0.8896,0.9832,0.0010,0.0000,0.0000
36,-17.5,1,0.0000,0.0000,0.8658,0.9834,0.0056,0.0000,0.0000
37,-17.5,1,0.0000,0.0000,0.8497,0.9856,0.0091,0.0000,0.0000
38,-17.5,1,0.0000,0.0000,0.8291,0.9869,0.1127,0.0000,0.0000
39,-17.5,1,0.0000,0.0000,0.8143,0.9860,0.2566,0.0000,0.0000
40,-17.5,1,0.0000,0.0000,0.7960,0.9859,0.3439,0.0000,0.0000
41,-17.5,1,0.0000,0.0000,0.7719,0.9881,0.4330,0.0000,0.0000
42,-17.5,1,0.0000,0.0000,0.7231,0.9850,0.5440,0.0000,0.0000
43,-17.5,1,0.0000,0.0000,0.6622,0.9858,0.5875,0.0000,0.0000
44,-17.5,1,0.0000,0.0000,0.5769,0.9870,0.6888,0.0000,0.0000
45,-17.5,1,0.0000,0.0000,0.4944,0.9838,0.7469,0.0000,0.0000
46,-17.5,1,0.0000,0.0000,0.4503,0.9813,0.7975,0.0000,0.0000
47,-17.5,1,0.0000,0.0000,0.4174,0.9778,0.8391,0.0000,0.0000
48,-17.5,1,0.0000,0.0000,0.3686,0.9753,0.8724,0.0000,0.0000
49,-17.5,1,0.0000,0.0000,0.3004,0.9696,0.8925,0.0000,0.0000
50,-17.5,1,0.0000,0.0000,0.1848,0.9691,0.9039,0.0000,0.0000
51,-17.5,1,0.0000,0.0000,0.0401,0.9657,0.9185,0.0000,0.0000
52,-17.5,1,0.0000,0.0000,0.0172,0.9622,0.9284,0.0000,0.0000
53,-17.5,1,0.0000,0.0000,0.0128,0.9531,0.9387,0.0000,0.0000
54,-17.5,1,0.0000,0.0000,0.0018,0.9457,0.9481,0.0000,0.0000
55,-17.5,1,0.0000,0.0000,0.0000,0.9384,0.9563,0.0000,0.0000
56,-17.5,1,0.0000,0.0000,0.0000,0.9269,0.9613,0.0000,0.0000
57,-17.5,1,0.0000,0.0000,0.0000,0.9083,0.9702,0.0000,0.0000
58,-17.5,1,0.0000,0.0000,0.0007,0.8989,0.9763,0.0000,0.0000
59,-17.5,1,0.0000,0.0000,0.0000,0.8903,0.9811,0.0127,0.0000
60,-17.5,1,0.0000,0.0000,0.0000,0.8721,0.9867,0.0073,0.0000
61,-17.5,1,0.0000,0.0000,0.0000,0.8562,0.9873,0.0150,0.0000
62,-17.5,1,0.0000,0.0000,0.0000,0.8339,0.9884,0.0291,0.0000
63,-17.5,1,0.0000,0.0000,0.0000,0.8057,0.9906,0.0858,0.0000
64,-17.5,1,0.0000,0.0000,0.0000,0.7790,0.9929,0.1571,0.0000
65,-17.5,1,0.0000,0.0000,0.0000,0.7535,0.9921,0.2842,0.0000
66,-17.5,1,0.0000,0.0000,0.0000,0.7108,0.9941,0.3882,0.0000
67,-17.5,1,0.0000,0.0000,0.0000,0.6490,0.9912,0.4754,0.0000
68,-17.5,1,0.0000,0.0000,0.0000,0.6070,0.9919,0.5764,0.0000
69,-17.5,1,0.0000,0.0000,0.0000,0.5344,0.9899,0.6409,0.0000
70,-17.5,1,0.0000,0.0000,0.0000,0.4424,0.9887,0.6955,0.0000
0,-20.0,1,0.0681,0.9852,0.8538,0.0000,0.0000,0.0000,0.0000
1,-20.0,1,0.0049,0.9831,0.8665,0.0000,0.0000,0.0000,0.0000
2,-20.0,1,0.0000,0.9808,0.8867,0.0000,0.0000,0.0000,0.0000
3,-20.0,1,0.0000,0.9765,0.9067,0.0000,0.0000,0.0000,0.0000
4,-20.0,1,0.0000,0.9740,0.9193,0.0000,0.0000,0.0000,0.0000
5,-20.0,1,0.0000,0.9655,0.9353,0.0000,0.0000,0.0000,0.0000
6,-20.0,1,0.0000,0.9565,0.9475,0.0000,0.0000,0.0000,0.0000
7,-20.0,1,0.0000,0.9443,0.9593,0.0000,0.0000,0.0000,0.0000
8,-20.0,1,0.0000,0.9297,0.9636,0.0000,0.0000,0.0000,0.0000
9,-20.0,1,0.0000,0.9118,0.9714,0.0000,0.0000,0.0000,0.0000
10,-20.0,1,0.0000,0.8936,0.9733,0.0044,0.0000,0.0000,0.0000
11,-20.0,1,0.0000,0.8804,0.9819,0.0105,0.0000,0.0000,0.0000
12,-20.0,1,0.0000,0.8606,0.9849,0.0111,0.0000,0.0000,0.0000
13,-20.0,1,0.0000,0.8412,0.9852,0.0688,0.0000,0.0000,0.0000
14,-20.0,1,0.0000,0.8156,0.9852,0.1624,0.0000,0.0000,0.0000
15,-20.0,1,0.0000,0.7781,0.9863,0.2380,0.0000,0.0000,0.0000
16,-20.0,1,0.0000,0.7209,0.9885,0.3466,0.0000,0.0000,0.0000
17,-20.0,1,0.0000,0.6638,0.9887,0.4171,0.0000,0.0000,0.0000
18,-20.0,1,0.0000,0.6232,0.9887,0.4980,0.0000,0.0000,0.0000
19,-20.0,1,0.0000,0.5904,0.9887,0.6309,0.0000,0.0000,0.0000
20,-20.0,1,0.0000,0.5295,0.9866,0.7474,0.0000,0.0000,0.0000
21,-20.0,1,0.0000,0.4793,0.9864,0.8100,0.0000,0.0000,0.0000
22,-20.0,1,0.0000,0.4064,0.9885,0.8369,0.0000,0.0000,0.0000
23,-20.0,1,0.0000,0.3550,0.9877,0.8754,0.0000,0.0000,0.0000
24,-20.0,1,0.0000,0.2039,0.9855,0.9010,0.0000,0.0000,0.0000
25,-20.0,1,0.0000,0.0861,0.9831,0.9123,0.0000,0.0000,0.0000
26,-20.0,1,0.0000,0.0414,0.9808,0.9264,0.0000,0.0000,0.0000
27,-20.0,1,0.0000,0.0297,0.9784,0.9419,0.0000,0.0000,0.0000
28,-20.0,1,0.0000,0.0039,0.9750,0.9598,0.0000,0.0000,0.0000
29,-20.0,1,0.0000,0.0106,0.9684,0.9648,0.0000,0.0000,0.0000
30,-20.0,1,0.0000,0.0030,0.9635,0.9697,0.0000,0.0000,0.0000
31,-20.0,1,0.0000,0.0000,0.9577,0.9701,0.0000,0.0000,0.0000
32,-20.0,1,0.0000,0.0000,0.9466,0.9745,0.0000,0.0000,0.0000
33,-20.0,1,0.0000,0.0000,0.9359,0.9793,0.0000,0.0000,0.0000
34,-20.0,1,0.0000,0.0000,0.9243,0.9820,0.0000,0.0000,0.0000
35,-20.0,1,0.0000,0.0000,0.9062,0.9844,0.0000,0.0000,0.0000
36,-20.0,1,0.0000,0.0000,0.8833,0.9846,0.0153,0.0000,0.0000
37,-20.0,1,0.0000,0.0000,0.8493,0.9879,0.1029,0.0000,0.0000
38,-20.0,1,0.0000,0.0000,0.8280,0.9872,0.2472,0.0000,0.0000
39,-20.0,1,0.0000,0.0000,0.8121,0.9914,0.3336,0.0000,0.0000
40,-20.0,1,0.0000,0.0000,0.7894,0.9919,0.4163,0.0000,0.0000
41,-20.0,1,0.0000,0.0000,0.7681,0.9908,0.4923,0.0000,0.0000
42,-20.0,1,0.0000,0.0000,0.7026,0.9918,0.5489,0.0000,0.0000
43,-20.0,1,0.0000,0.0000,0.6116,0.9919,0.6474,0.0000,0.0000
44,-20.0,1,0.0000,0.0000,0.5254,0.9897,0.7344,0.0000,0.0000
45,-20.0,1,0.0000,0.0000,0.4587,0.9906,0.7796,0.0000,0.0000
46,-20.0,1,0.0000,0.0000,0.3960,0.9885,0.8196,0.0000,0.0000
47,-20.0,1,0.0000,0.0000,0.3359,0.9861,0.8486,0.0000,0.0000
48,-20.0,1,0.0000,0.0000,0.2559,0.9848,0.8797,0.0000,0.0000
49,-20.0,1,0.0000,0.0000,0.1444,0.9814,0.8901,0.0000,0.0000
50,-20.0,1,0.0000,0.0000,0.0720,0.9789,0.9047,0.0000,0.0000
51,-20.0,1,0.0000,0.0000,0.0363,0.9765,0.9186,0.0000,0.0000
52,-20.0,1,0.0000,0.0000,0.0042,0.9730,0.9315,0.0000,0.0000
53,-20.0,1,0.0000,0.0000,0.0189,0.9650,0.9442,0.0000,0.0000
54,-20.0,1,0.0000,0.0000,0.0000,0.9632,0.9580,0.0000,0.0000
55,-20.0,1,0.0000,0.0000,0.0000,0.9565,0.9646,0.0000,0.0000
56,-20.0,1,0.0000,0.0000,0.0000,0.9504,0.9705,0.0000,0.0000
57,-20.0,1,0.0000,0.0000,0.0000,0.9422,0.9763,0.0069,0.0000
58,-20.0,1,0.0000,0.0000,0.0000,0.9305,0.9779,0.0067,0.0000
59,-20.0,1,0.0000,0.0000,0.0000,0.9163,0.9843,0.0057,0.0000
60,-20.0,1,0.0000,0.0000,0.0000,0.8986,0.9881,0.0281,0.0000
61,-20.0,1,0.0000,0.0000,0.0000,0.8708,0.9906,0.0335,0.0000
62,-20.0,1,0.0000,0.0000,0.0000,0.8376,0.9929,0.0894,0.0000
63,-20.0,1,0.0000,0.0000,0.0000,0.8049,0.9942,0.1718,0.0000
64,-20.0,1,0.0000,0.0000,0.0000,0.7735,0.9954,0.2611,0.0000
65,-20.0,1,0.0000,0.0000,0.0000,0.7573,0.9955,0.3428,0.0000
66,-20.0,1,0.0000,0.0000,0.0000,0.6992,0.9944,0.4196,0.0000
67,-20.0,1,0.0000,0.0000,0.0000,0.6511,0.9954,0.5227,0.0000
68,-20.0,1,0.0000,0.0000,0.0000,0.5811,0.9955,0.6170,0.0000
69,-20.0,1,0.0000,0.0000,0.0000,0.4829,0.9944,0.6911,0.0000
70,-20.0,1,0.0000,0.0000,0.0000,0.3939,0.9954,0.7200,0.0000
0,-22.5,1,0.0000,0.9943,0.8632,0.0000,0.0000,0.0000,0.0000
1,-22.5,1,0.0000,0.9922,0.8748,0.0000,0.0000,0.0000,0.0000
2,-22.5,1,0.0000,0.9910,0.8981,0.0000,0.0000,0.0000,0.0000
3,-22.5,1,0.0000,0.9878,0.9184,0.0000,0.0000,0.0000,0.0000
4,-22.5,1,0.0000,0.9864,0.9321,0.0000,0.0000,0.0000,0.0000
5,-22.5,1,0.0000,0.9822,0.9398,0.0000,0.0000,0.0000,0.0000
6,-22.5,1,0.0000,0.9766,0.9522,0.0000,0.0000,0.0000,0.0000
7,-22.5,1,0.0000,0.9689,0.9587,0.0000,0.0000,0.0000,0.0000
8,-22.5,1,0.0000,0.9609,0.9667,0.0017,0.0000,0.0000,0.0000
9,-22.5,1,0.0000,0.9540,0.9728,0.0000,0.0000,0.0000,0.0000
10,-22.5,1,0.0000,0.9379,0.9787,0.0121,0.0000,0.0000,0.0000
11,-22.5,1,0.0000,0.9260,0.9814,0.0200,0.0000,0.0000,0.0000
12,-22.5,1,0.0000,0.9022,0.9838,0.0468,0.0000,0.0000,0.0000
13,-22.5,1,0.0000,0.8772,0.9914,0.1396,0.0000,0.0000,0.0000
14,-22.5,1,0.0000,0.8490,0.9901,0.2130,0.0000,0.0000,0.0000
15,-22.5,1,0.0000,0.8000,0.9899,0.3093,0.0000,0.0000,0.0000
16,-22.5,1,0.0000,0.7313,0.9920,0.3721,0.0000,0.0000,0.0000
17,-22.5,1,0.0000,0.6628,0.9901,0.4620,0.0000,0.0000,0.0000
18,-22.5,1,0.0000,0.5738,0.9910,0.5850,0.0000,0.0000,0.0000
19,-22.5,1,0.0000,0.5104,0.9911,0.7059,0.0000,0.0000,0.0000
20,-22.5,1,0.0000,0.4507,0.9921,0.7853,0.0000,0.0000,0.0000
21,-22.5,1,0.0000,0.3902,0.9912,0.8301,0.0000,0.0000,0.0000
22,-22.5,1,0.0000,0.2938,0.9932,0.8596,0.0000,0.0000,0.0000
23,-22.5,1,0.0000,0.1999,0.9934,0.8745,0.0000,0.0000,0.0000
24,-22.5,1,0.0000,0.0764,0.9934,0.9042,0.0000,0.0000,0.0000
25,-22.5,1,0.0000,0.0158,0.9913,0.9223,0.0000,0.0000,0.0000
26,-22.5,1,0.0000,0.0005,0.9911,0.9394,0.0044,0.0000,0.0000
27,-22.5,1,0.0000,0.0000,0.9890,0.9508,0.0000,0.0000,0.0000
28,-22.5,1,0.0000,0.0000,0.9866,0.9563,0.0000,0.0000,0.0000
29,-22.5,1,0.0000,0.0000,0.9854,0.9634,0.0000,0.0000,0.0000
30,-22.5,1,0.0000,0.0000,0.9821,0.9652,0.0000,0.0000,0.0000
31,-22.5,1,0.0000,0.0000,0.9775,0.9730,0.0000,0.0000,0.0000
32,-22.5,1,0.0000,0.0000,0.9707,0.9748,0.0000,0.0000,0.0000
33,-22.5,1,0.0000,0.0000,0.9648,0.9772,0.0026,0.0000,0.0000
34,-22.5,1,0.0000,0.0000,0.9536,0.9807,0.0078,0.0000,0.0000
35,-22.5,1,0.0000,0.0000,0.9419,0.9843,0.0208,0.0000,0.0000
36,-22.5,1,0.0000,0.0000,0.9281,0.9857,0.0545,0.0000,0.0000
37,-22.5,1,0.0000,0.0000,0.9130,0.9891,0.1944,0.0000,0.0000
38,-22.5,1,0.0000,0.0000,0.8977,0.9895,0.3075,0.0000,0.0000
39,-22.5,1,0.0000,0.0000,0.8804,0.9906,0.3970,0.0000,0.0000
40,-22.5,1,0.0000,0.0000,0.8416,0.9918,0.4706,0.0000,0.0000
41,-22.5,1,0.0000,0.0000,0.7934,0.9941,0.5416,0.0000,0.0000
42,-22.5,1,0.0000,0.0000,0.6883,0.9943,0.5987,0.0000,0.0000
43,-22.5,1,0.0000,0.0000,0.5679,0.9954,0.7024,0.0000,0.0000
44,-22.5,1,0.0000,0.0000,0.4703,0.9966,0.7660,0.0000,0.0000
45,-22.5,1,0.0000,0.0000,0.4141,0.9956,0.8078,0.0000,0.0000
46,-22.5,1,0.0000,0.0000,0.3451,0.9955,0.8401,0.0000,0.0000
47,-22.5,1,0.0000,0.0000,0.2748,0.9923,0.8632,0.0000,0.0000
48,-22.5,1,0.0000,0.0000,0.1453,0.9898,0.8801,0.0000,0.0000
49,-22.5,1,0.0000,0.0000,0.0362,0.9895,0.8922,0.0000,0.0000
50,-22.5,1,0.0000,0.0000,0.0221,0.9862,0.9059,0.0000,0.0000
51,-22.5,1,0.0000,0.0000,0.0112,0.9837,0.9219,0.0000,0.0000
52,-22.5,1,0.0000,0.0000,0.0186,0.9824,0.9370,0.0000,0.0000
53,-22.5,1,0.0000,0.0000,0.0087,0.9768,0.9542,0.0000,0.0000
54,-22.5,1,0.0000,0.0000,0.0000,0.9774,0.9622,0.0000,0.0000
55,-22.5,1,0.0000,0.0000,0.0000,0.9753,0.9723,0.0000,0.0000
56,-22.5,1,0.0000,0.0000,0.0000,0.9707,0.9765,0.0000,0.0000
57,-22.5,1,0.0000,0.0000,0.0000,0.9648,0.9811,0.0000,0.0000
58,-22.5,1,0.0000,0.0000,0.0000,0.9599,0.9836,0.0064,0.0000
59,-22.5,1,0.0000,0.0000,0.0000,0.9496,0.9860,0.0128,0.0000
60,-22.5,1,0.0000,0.0000,0.0000,0.9399,0.9883,0.0227,0.0000
61,-22.5,1,0.0000,0.0000,0.0000,0.9270,0.9895,0.0544,0.0000
62,-22.5,1,0.0000,0.0000,0.0000,0.9073,0.9918,0.1181,0.0000
63,-22.5,1,0.0000,0.0000,0.0000,0.8847,0.9951,0.2167,0.0000
64,-22.5,1,0.0000,0.0000,0.0000,0.8520,0.9954,0.3219,0.0000
65,-22.5,1,0.0000,0.0000,0.0000,0.8129,0.9986,0.4135,0.0000
66,-22.5,1,0.0000,0.0000,0.0000,0.7417,1.0000,0.4780,0.0000
67,-22.5,1,0.0000,0.0000,0.0000,0.6510,0.9980,0.5634,0.0000
68,-22.5,1,0.0000,0.0000,0.0000,0.5301,0.9957,0.6283,0.0000
69,-22.5,1,0.0000,0.0000,0.0000,0.3997,0.9966,0.7065,0.0000
70,-22.5,1,0.0000,0.0000,0.0000,0.3117,0.9966,0.7369,0.0000
0,-25.0,1,0.0000,1.0000,0.8643,0.0000,0.0000,0.0000,0.0000
1,-25.0,1,0.0000,1.0000,0.8781,0.0000,0.0000,0.0000,0.0000
2,-25.0,1,0.0000,0.9979,0.8995,0.0000,0.0000,0.0000,0.0000
3,-25.0,1,0.0000,0.9967,0.9164,0.0000,0.0000,0.0000,0.0000
4,-25.0,1,0.0000,0.9956,0.9287,0.0000,0.0000,0.0000,0.0000
5,-25.0,1,0.0000,0.9924,0.9415,0.0000,0.0000,0.0000,0.0000
6,-25.0,1,0.0000,0.9859,0.9492,0.0000,0.0000,0.0000,0.0000
7,-25.0,1,0.0000,0.9821,0.9605,0.0029,0.0000,0.0000,0.0000
8,-25.0,1,0.0000,0.9766,0.9680,0.0000,0.0000,0.0000,0.0000
9,-25.0,1,0.0000,0.9709,0.9740,0.0000,0.0000,0.0000,0.0000
10,-25.0,1,0.0000,0.9622,0.9809,0.0026,0.0000,0.0000,0.0000
11,-25.0,1,0.0000,0.9448,0.9827,0.0375,0.0000,0.0000,0.0000
12,-25.0,1,0.0000,0.9246,0.9871,0.0888,0.0000,0.0000,0.0000
13,-25.0,1,0.0000,0.8990,0.9907,0.1612,0.0000,0.0000,0.0000
14,-25.0,1,0.0000,0.8604,0.9889,0.2401,0.0000,0.0000,0.0000
15,-25.0,1,0.0000,0.8288,0.9909,0.3207,0.0000,0.0000,0.0000
16,-25.0,1,0.0000,0.7969,0.9932,0.3917,0.0000,0.0000,0.0000
17,-25.0,1,0.0000,0.7578,0.9955,0.4868,0.0000,0.0000,0.0000
18,-25.0,1,0.0000,0.7179,0.9979,0.6114,0.0000,0.0000,0.0000
19,-25.0,1,0.0000,0.6563,0.9949,0.7009,0.0000,0.0000,0.0000
20,-25.0,1,0.0000,0.5331,0.9957,0.7717,0.0000,0.0000,0.0000
21,-25.0,1,0.0000,0.3152,0.9958,0.8288,0.0000,0.0000,0.0000
22,-25.0,1,0.0000,0.1301,0.9958,0.8540,0.0000,0.0000,0.0000
23,-25.0,1,0.0000,0.0417,0.9968,0.8696,0.0000,0.0000,0.0000
24,-25.0,1,0.0000,0.0236,0.9959,0.8961,0.0000,0.0000,0.0000
25,-25.0,1,0.0000,0.0084,0.9958,0.9226,0.0000,0.0000,0.0000
26,-25.0,1,0.0000,0.0000,0.9958,0.9405,0.0000,0.0000,0.0000
27,-25.0,1,0.0000,0.0030,1.0000,0.9455,0.0000,0.0000,0.0000
28,-25.0,1,0.0000,0.0000,0.9941,0.9558,0.0000,0.0000,0.0000
29,-25.0,1,0.0000,0.0000,0.9935,0.9590,0.0000,0.0000,0.0000
30,-25.0,1,0.0000,0.0000,0.9892,0.9647,0.0046,0.0000,0.0000
31,-25.0,1,0.0000,0.0000,0.9846,0.9707,0.0000,0.0000,0.0000
32,-25.0,1,0.0000,0.0000,0.9830,0.9735,0.0070,0.0000,0.0000
33,-25.0,1,0.0000,0.0000,0.9744,0.9770,0.0000,0.0000,0.0000
34,-25.0,1,0.0000,0.0000,0.9672,0.9807,0.0210,0.0000,0.0000
35,-25.0,1,0.0000,0.0000,0.9623,0.9854,0.0274,0.0000,0.0000
36,-25.0,1,0.0000,0.0000,0.9544,0.9869,0.1271,0.0000,0.0000
37,-25.0,1,0.0000,0.0000,0.9452,0.9892,0.2549,0.0000,0.0000
38,-25.0,1,0.0000,0.0000,0.9347,0.9916,0.3500,0.0000,0.0000
39,-25.0,1,0.0000,0.0000,0.9189,0.9941,0.4169,0.0000,0.0000
40,-25.0,1,0.0000,0.0000,0.9004,0.9976,0.4809,0.0000,0.0000
41,-25.0,1,0.0000,0.0000,0.8690,0.9968,0.5395,0.0000,0.0000
42,-25.0,1,0.0000,0.0000,0.8310,1.0000,0.6173,0.0000,0.0000
43,-25.0,1,0.0000,0.0000,0.7617,0.9981,0.6939,0.0000,0.0000
44,-25.0,1,0.0000,0.0000,0.6576,0.9969,0.7693,0.0000,0.0000
45,-25.0,1,0.0000,0.0000,0.5173,0.9967,0.8175,0.0000,0.0000
46,-25.0,1,0.0000,0.0000,0.2963,0.9989,0.8463,0.0000,0.0000
47,-25.0,1,0.0000,0.0000,0.1432,0.9970,0.8669,0.0000,0.0000
48,-25.0,1,0.0000,0.0000,0.0571,0.9968,0.8857,0.0000,0.0000
49,-25.0,1,0.0000,0.0000,0.0369,0.9957,0.9011,0.0000,0.0000
50,-25.0,1,0.0000,0.0000,0.0296,0.9955,0.9193,0.0000,0.0000
51,-25.0,1,0.0000,0.0000,0.0172,0.9901,0.9284,0.0000,0.0000
52,-25.0,1,0.0000,0.0000,0.0065,0.9885,0.9450,0.0000,0.0000
53,-25.0,1,0.0000,0.0000,0.0000,0.9883,0.9560,0.0000,0.0000
54,-25.0,1,0.0000,0.0000,0.0000,0.9850,0.9686,0.0000,0.0000
55,-25.0,1,0.0000,0.0000,0.0000,0.9815,0.9719,0.0000,0.0000
56,-25.0,1,0.0000,0.0000,0.0000,0.9789,0.9775,0.0000,0.0000
57,-25.0,1,0.0000,0.0000,0.0000,0.9754,0.9812,0.0000,0.0000
58,-25.0,1,0.0000,0.0000,0.0000,0.9740,0.9847,0.0000,0.0000
59,-25.0,1,0.0000,0.0000,0.0000,0.9651,0.9871,0.0060,0.0000
60,-25.0,1,0.0000,0.0000,0.0000,0.9556,0.9863,0.0353,0.0000
61,-25.0,1,0.0000,0.0000,0.0000,0.9459,0.9914,0.0762,0.0000
62,-25.0,1,0.0000,0.0000,0.0000,0.9276,0.9930,0.1582,0.0000
63,-25.0,1,0.0000,0.0000,0.0000,0.9084,0.9931,0.2290,0.0000
64,-25.0,1,0.0000,0.0000,0.0000,0.8902,0.9963,0.3150,0.0000
65,-25.0,1,0.0000,0.0000,0.0000,0.8656,0.9987,0.3933,0.0000
66,-25.0,1,0.0000,0.0000,0.0000,0.8284,0.9989,0.4841,0.0000
67,-25.0,1,0.0000,0.0000,0.0000,0.7823,1.0000,0.5445,0.0000
68,-25.0,1,0.0000,0.0000,0.0000,0.7202,0.9980,0.6038,0.0000
69,-25.0,1,0.0000,0.0000,0.0000,0.6336,0.9978,0.6774,0.0000
70,-25.0,1,0.0000,0.0000,0.0000,0.4513,0.9988,0.7217,0.0000
